pdb_id,seq,ec
10GS,PPYTVVYFPVRGRCAALRMLLADQGQSWKEEVVTVETWQEGSLKASCLYGQLPKFQDGDLTLYQSNTILRHLGRTLGLYGKDQQEAALVDMVNDGVEDLRCKYISLIYTNYEAGKDDYVKALPGQLKPFETLLSQNQGGKTFIVGDQISFADYNLLDLLLIHEVLAPGCLDAFPLLSAYVGRLSARPKLKAFLASPEYVNLPINGNGKQ,2.5.1.18
148L,MNIFEMLRIDEGLRLKIYKDTEGYYEIGIGHLLTKSPSLNAAKSELDKAIGRNTNGVITKDEAEKLFNQDVDAAVRGILRNAKLKPVYDSLDAVRRAALINMVFQMGETGVAGFTNSLRMLQQKRWDEAAVNLAKSRWYNQTPNRAKRVITTFRTGTWDAYKNL,3.2.1.17
1A26,ALTVSAGTKSKLAKPIQDLIKMIFDVESMKKAMVEFEIDLQKMPLGKLSKRQIQSAYSILNEVQQAVSDGGSESQILDLSNRFYTLIPHDFGMKKPPLLSNLEYIQAKVQMLDNLLDIEVAYSLLRGGNEDGDKDPIDINYEKLRTDIKVVDKDSEEAKIIKQYVKNTHAATHNAYDLKVVEIFRIEREGESQRYKPFKQLHNRQLLWHGSRTTNFAGILSQGLRIAPPEAPVTGYMFGKGIYFADMVSKSANYCHTSQADPIGLILLGEVALGNMYELKNASHITKLPKGKHSVKGLGKTAPDPTATTTLDGVEVPLGNGISTGINDTCLLYNEYIVYDVAQVNLKYLLKLKFNYKTSLW,2.4.2.-
1A2Z,MKKVLITGFEPFGGDSKNPTEQIAKYFDRKQIGNAMVYGRVLPVSVKRATIELKRYLEEIKPEIVINLGLAPTYSNITVERIAVNIIDARIPDNDGYQPIDEKIEEDAPLAYMATLPVRAITKTLRDNGIPATISYSAGTYLCNYVMFKTLHFSKIEGYPLKAGFIHVPYTPDQVVNKFFLLGKNTPSMCLEAEIKAIELAVKVSLDYLEKDRDDIKIPL,3.4.19.3
1A4I,MAPAEILNGKEISAQIRARLKNQVTQLKEQVPGFTPRLAILQVGNRDDSNLYINVKLKAAEEIGIKATHIKLPRTTTESEVMKYITSLNEDSTVHGFLVQLPLDSENSINTEEVINAIAPEKDVDGLTSINAGRLARGDLNDCFIPCTPKGCLELIKETGVPIAGRHAVVVGRSKIVGAPMHDLLLWNNATVTTCHSKTAHLDEEVNKGDILVVATGQPEMVKGEWIKPGAIVIDCGINYVPDDKKPNGRKVVGDVAYDEAKERASFITPVPGGVGPMTVAMLMQSTVESAKRFLEKFKPG,6.3.4.3
1A7X,GVQVETISPGDGRTFPKRGQTCVVHYTGMLEDGKKFDSSRDRNKPFKFMLGKQEVIRGWEEGVAQMSVGQRAKLTISPDYAYGATGHPGIIPPHATLVFDVELLKLE,5.2.1.8
1A8R,PSLSKEAALVHEALVARGLETPLRPPVHEMDNETRKSLIAGHMTEIMQLLNLDLADDSLMETPHRIAKMYVDEIFSGLDYANFPKITLIENKMKVDEMVTVRDITLTSTCESHFVTIDGKATVAYIPKDSVIGLSKINRIVQFFAQRPQVQERLTQQILIALQTLLGTNNVAVSIDAVHYCVKARGIRDATSATTTTSLGGLFKSSQNTRHEFLRAVRHHN,3.5.4.16
1AB8,SLKNEELYHQSYDCVCVMFASIPDFKEFYTESDVNKEGLECLRLLNEIIADFDDLLSKPKFSGVEKIKTIGSTYMAATGLSAIPSQEHAQEPERQYMHIGTMVEFAYALVGKLDAINKHSFNDFKLRVGINHGPVIAGVIGAQKPQYDIWGNTVNVASRMDSTGVLDKIQVTEETSLILQTLGYTCTCRGIINVKGKGDLKTYFVNTEMSRSLSQSNLAS,4.6.1.1
1ACM,ANPLYQKHIISINDLSRDDLNLVLATAAKLKANPQPELLKHKVIASCFFEASTATRLSFQTSMHRLGASVVGFSDSANTSLGKKGETLADTISVISTYVDAIVMRHPQEGAARLATEFSGNVPVLNAGDGSNQHPTQTLLDLFTIQQTEGRLDNLHVAMVGDLKYGRTVHSLTQALAKFDGNRFYFIAPDALAMPEYILDMLDEKGIAWSLHSSIEEVMAEVDILYMTRVQKERLDPSEYANVKAQFVLRASDLHNAKANMKVLHPLPRVDEIATDVDKTPHAWYFQQAGNGIFARQALLALVLNRDLVL,2.1.3.2
1AFK,KETAAAKFERQHMDSSTSAASSSNYCNQMMKSRNLTKDRCKPVNTFVHESLADVQAVCSQKNVACKNGQTNCYQSYSTMSITDCRETGSSKYPNCAYKTTQANKHIIVACEGNPYVPVHFDASV,4.6.1.18
1AFR,MPPREVHVQVTHSMPPQKIEIFKSLDNWAEENILVHLKPVEKCWQPQDFLPDPASDGFDEQVRELRERAKEIPDDYFVVLVGDMITEEALPTYQTMLNTLDGVRDETGASPTSWAIWTRAWTAEENRHGDLLNKYLYLSGRVDMRQIEKTIQYLIGSGMDPRTENSPYLGFIYTSFQERATFISHGNTARQAKEHGDIKLAQICGTIAADEKRHETAYTKIVEKLFEIDPDGTVLAFADMMRKKISMPAHLMYDGRDDNLFDHFSAVAQRLGVYTAKDYADILEFLVGRWKVDKLTGLSAEGQKAQDYVCRLPPRIRRLEERAQGRAKEAPTMPFSWIFDRQVKL,1.14.19.2
1AHU,MSKTQEFRPLTLPPKLSLSDFNEFIQDIIRIVGSENVEVISSKDQIVDGSYMKPTHTHDPHHVMDQDYFLASAIVAPRNVADVQSIVGLANKFSFPLWPISIGRNSGYGGAAPRVSGSVVLDMGKNMNRVLEVNVEGAYCVVEPGVTYHDLHNYLEANNLRDKLWLDVPDLGGGSVLGNAVERGVGYTPYGDHWMMHSGMEVVLANGELLRTGMGALPDPKRPETMGLKPEDQPWSKIAHLFPYGFGPYIDGLFSQSNMGIVTKIGIWLMPNPRGYQSYLITLPKDGDLKQAVDIIRPLRLGMALQNVPTIRHILLDAAVLGDKRSYSSRTEPLSDEELDKIAKQLNLGRWNFYGALYGPEPIRRVLWETIKDAFSAIPGVKFYFPEDTPENSVLRVRDKTMQGIPTYDELKWIDWLPNGAHLFFSPIAKVSGEDAMMQYAVTKKRCQEAGLDFIGTFTVGMREMHHIVCIVFNKKDLIQKRKVQWLMRTLIDDCAANGWGEYRTHLAFMDQIMETYNWNNSSFLRFNEVLKNAVDPNGIIAPGKSGVWPSQYSHVTWKL,1.1.3.38
1AI4,EQSSSEIKIVRDEYGMPHIYANDTWHLFYGYGYVVAQDRLFQMEMARRSTQGTVAEVLGKDFVKFDKDIRRNYWPDAIRAQIAALSPEDMSILQGYADGMNAWIDKVNTNPETLLPKQFNTFGFTPKRWEPFDVAMIFVGTMANRFSDSTSEIDNLALLTALKDKYGVSQGMAVFNQLKWLVNPSAPTTIAVQESNYPLKFNQQNSQTA,3.5.1.11
1AJ8,LAKGLEDVYIDQTNICYIDGKEGKLYYRGYSVEELAELSTFEEVVYLLWWGKLPSLSELENFKKELAKSRGLPKEVIEIMEALPKNTHPMGALRTIISYLGNIDDSGDIPVTPEEVYRIGISVTAKIPTIVANWYRIKNGLEYVPPKEKLSHAANFLYMLHGEEPPKEWEKAMDVALILYAEHEINASTLAVMTVGSTLSDYYSAILAGIGALKGPIHGGAVEEAIKQFMEIGSPEKVEEWFFKALQQKRKIMGAGHRVYKTYDPRARIFKKYASKLGDKKLFEIAERLERLVEEYLSKKGISINVDYWSGLVFYGMKIPIELYTTIFAMGRIAGWTAHLAEYVSHNRIIRPRLQYVGEIGKKYLPIELRR,2.3.3.16
1AOG,SKIFDLVVIGAGSGGLEAAWNAATLYKKRVAVIDVQMVHGPPFFSALGGTCVNVGCVPKKLMVTGAQYMEHLRESAGFGWEFDRTTLRAEWKNLIAVKDEAVLNINKSYDEMFRDTEGLEFFLGWGSLESKNVVNVRESADPASAVKERLETEHILLASGSWPHMPNIPGIEHCISSNEAFYLPEPPRRVLTVGGGFISVEFAGIFNAYKPKDGQVTLCYRGEMILRGFDHTLREELTKQLTANGIQILTKENPAKVELNADGSKSVTFESGKKMDFDLVMMAIGRSPRTKDLQLQNAGVMIKNGGVQVDEYSRTNVSNIYAIGDVTNRVMLTPVAINEAAALVDTVFGTTPRKTDHTRVASAVFSIPPIGTCGLIEEVASKRYEVVAVYLSSFTPLMHKVSGSKYKTFVAKIITNHSDGTVLGVHLLGDNAPEIIQGIGICLKLNAKISDFYNTIGVHPTSAEELCSMRTPSYYYVKGEKMEKP,1.8.1.12
1AQU,GSMETSMPEYYEVFGEFRGVLMDKRFTKYWEDVEMFLARPDDLVIATYPKSGTTWISEVVYMIYKEGDVEKCKEDAIFNRIPYLECRNEDLINGIKQLKEKESPRIVKTHLPPKLLPASFWEKNCKMIYLCRNAKDVAVSYYYFLLMITSYPNPKSFSEFVEKFMQGQVPYGSWYDHVKAWWEKSKNSRVLFMFYEDMKEDIRREVVKLIEFLERKPSAELVDRIIQHTSFQEMKNNPSTNYTMMPEEMMNQKVSPFMRKGIIGDWKNHFPEALRERFDEHYKQQMKDCTVKFRMEL,2.8.2.4
1ARZ,MHDANIRVAIAGAGGRMGRQLIQAALALEGVQLGAALEREGSSLLGSDAGELAGAGKTGVTVQSSLDAVKDDFDVFIDFTRPEGTLNHLAFCRQHGKGMVIGTTGFDEAGKQAIRDAAADIAIVFAANFSVGVNVMLKLLEKAAKVMGDYTDIEIIEAHHRHKVDAPSGTALAMGEAIAHALDKDLKDCAVYSREGHTGERVPGTIGFATVRAGDIVGEHTAMFADIGERLEITHKASSRMTFANGAVRSALWLSGKESGLFDMRDVLDLNNL,1.17.1.8
1ATL,QNLPQRYIELVVVADHRVFMKYNSDLNTIRTRVHEIVNFINGFYRSLNIHVSLTDLEIWSNEDQINIQSASSDTLNAFAEWRETDLLNRKSHDNAQLLTAIELDEETLGLAPLGTMCDPKLSIGIVQDHSPINLLMGVTMAHELGHNLGMEHDGKDCLRGASLCIMRPGLTKGRSYEFSDDSMHYYERFLKQYKPQCILNKP,3.4.24.42
1AV8,AYTTFSQTKNDQLKEPMFFGQPVNVARYDQQKYDIFEKLIEKQLSFFWRPEEVDVSRDRIDYQALPEHEKHIFISNLKYQTLLDSIQGRSPNVALLPLISIPELETWVETWAFSETIHSRSYTHIIRNIVNDPSVVFDDIVTNEQIQKRAEGISSYYDELIEMTSYWHLLGEGTHTVNGKTVTVSLRELKKKLYLCLMSVNALEAIRFYVSFACSFAFAERELMEGNAKIIRLIARDEALHLTGTQHMLNLLRSGADDPEMAEIAEECKQECYDLFVQAAQQEKDWADYLFRDGSMIGLNKDILCQYVEYITNIRMQAVGLDLPFQTRSNPIPWINTWLV,1.17.4.1
1AZ0,AAAGATATCTT,3.1.21.4
1B04,MDRQQAERRAAELRELLNRYGYEYYVLDRPSVPDAEYDRLMQELIAIEEQYPELKTSDSPTQRIGGPPLEAFRKVAHRVPMMSLANAFGEGDLRDFDRRVRQEVGEAAYVCELAIDGLAVSVRYEDGYFVQGATRGDGTTGEDITENLKTIRSLPLRLKEPVSLEARGEAFMPKASFLRLNEERKARGEELFANPRNAAAGSLRQLDPKVAASRQLDLFVYGLADAEALGIASHSEALDYLQALGFKVNPERRRCANIDEVIAFVSEWHDKRPQLPYEIDGIVIKVDSFAQQRALGATAKSPRWAIAYKFPAEEVVTT,6.5.1.2
1B65,MTSQTPTRKPRARDLGLPFTGVTGPYNAITDVDGVGVGFQTIIENEPRPGRKRPARSGVTAILPHMQSETPVPVYAGVHRFNGNGEMTGTHWIEDGGYFLGPVVITNTHGIGMAHHATVRWMVDRYASTYQTDDFLWIMPVVAETYDGALNDINGFPVTEADVRKALDNVASGPVQEGNCGGGTGMITYGFKGGTGTASRVVEFGGRSFTIGALVQANHGQRDWLTIAGVPVGQHMRDGTPQSQLQERGSIIVVLATDLPLMPHQLKRLARRASIGIGRNGTPGGNNSGDIFIAFSTANQRPMQHRSAPFLDVEMVNDEPLDTVYLAAVDSVEEAVVNAMIAAEDMGGTPFDRLLVQAIDHERLRAVLRQYGRLA,3.4.11.19
1B66,VGLRRRARLSRLVSFSASHRLHSPSLSAEENLKVFGKCNNPNGHGHNYKVVVTIHGEIDPVTGMVMNLTDLKEYMEEAIMKPLDHKNLDLDVPYFADVVSTTENVAVYIWENLQRLLPVGALYKVKVYETDNNIVVYKGE,4.2.3.12
1B8F,TELTLKPGTLTLAQLRAIHAAPVRLQLDASAAPAIDASVACVEQIIAEDRTAYGINTGFGLLASTRIASHDLENLQRSLVLSHAAGIGAPLDDDLVRLIMVLKINSLSRGFSGIRRKVIDALIALVNAEVYPHIPLKGSVGASGDLAPLAHMSLVLLGEGKARYKGQWLSATEALAVAGLEPLTLAAKEGLALLNGTQASTAYALRGLFYAEDLYAAAIACGGLSVEAVLGSRSPFDARIHEARGQRGQIDTAACFRDLLGDSSEVSLSHKNADKVQDPYSLRCQPQVMGACLTQLRQAAEVLGIEANAVSDNPLVFAAEGDVISGGNFHAEPVAMAADNLALAIAEIGSLSERRISLMMDKHMSQLPPFLVENGGVNSGFMIAQVTAAALASENKALSHPHSVDSLPTSANQEDHVSMAPAAGKRLWEMAENTRGVLAIEWLGACQGLDLRKGLKTSAKLEKARQALRSEVAHYDRDRFFAPDIEKAVELLAKGSLTGLLPAGVLPSL,4.3.1.3
1B8U,MAKTPMRVAVTGAAGQICYSLLFRIANGDMLGKDQPVILQLLEIPNEKAQKALQGVMMEIDDCAFPLLAGMTAHADPMTAFKDADVALLVGARPRGPGMERKDLLEANAQIFTVQGKAIDAVASRNIKVLVVGNPANTNAYIAMKSAPSLPAKNFTAMLRLDHNRALSQIAAKTGKPVSSIEKLFVWGNHSPTMYADYRYAQIDGASVKDMINDDAWNRDTFLPTVGKRGAAIIDARGVSSAASAANAAIDHIHDWVLGTAGKWTTMGIPSDGSYGIPEGVIFGFPVTTENGEYKIVQGLSIDAFSQERINVTLNELLEEQNGVQHLLG,1.1.1.37
1BDF,MQGSVTEFLKPRLVDIEQVSSTHAKVTLEPLERGFGHTLGNALRAILLSSMPGCAVTEVEIDGVLHEYSTKEGVQEDILEILLNLKGLAVRVQGKDEVILTLNKSGIGPVTAADITHDGDVEIVKPQHVICHLTDENASISMRIKVQRGRGYVPASTRIHSEEDERPIGRLLVDACYSPVERIAYNVEAARVEQRTDLDKLVIEMETNGTIDPEEAIRRAATILAEQLEAFVDLR,2.7.7.6
1BH5,AEPQPPSGGLTDEAALSCCSDADPSTKDFLLQETMLRVKDPKKSLDFYTRVLGMTLIQKCDFPIMKFSLYFLAYEDKNDIPKEKDEKIAWALSRKATLELTHNWGTEDDETQSYHNGNSDPRGFGHIGIAVPDVYSACKRFEELGVKFVKKPDDGKMKGLAFIQDPDGYWIQILNPNKMATLM,4.4.1.5
1BH6,AQTVPYGIPLIKADKVQAQGYKGANVKVGIIDTGIASSHTDLKVVGGASFVSGESYNTDGNGHGTHVAGTVAALDNTTGVLGVAPNVSLYAIKVLNSSGSGSYSAIVSGIEWATQNGLDVINMSLGGPSGSTALKQAVDKAYASGIVVVAAAGNSGNSGSQNTIGYPAKYDSVIAVGAVDSNKNRASFSSVGSELEVMAPGVSVYSTYPSNTYTSLNGTSMASPHVAGAAALILSKYPTLSASQVRNRLSSTATNLGDSFYYGKGLINVEAAAQ,3.4.21.62
1BN8,MKKVMLATALFLGLTPAGANAADLGHQTLGSNDGWGAYSTGTTGGSKASSSNVYTVSNRNQLVSALGKETNTTPKIIYIKGTIDMNVDDNLKPLGLNDYKDPEYDLDKYLKAYDPSTWGKKEPSGTQEEARARSQKNQKARVMVDIPANTTIVGSGTNAKVVGGNFQIKSDNVIIRNIEFQDAYDYFPQWDPTDGSSGNWNSQYDNITINGGTHIWIDHCTFNDGSRPDSTSPKYYGRKYQHHDGQTDASNGANYITMSYNYYHDHDKSSIFGSSDSKTSDDGKLKITLHHNRYKNIVQRAPRVRFGQVHVYNNYYEGSTSSSSYPFSYAWGIGKSSKIYAQNNVIDVPGLSAAKTISVFSGGTALYDSGTLLNGTQINASAANGLSSSVGWTPSLHGSIDASANVKSNVINQAGAGKLN,4.2.2.2
1BOB,MSANDFKPETWTSSANEALRVSIVGENAVQFSPLFTYPIYGDSEKIYGYKDLIIHLAFDSVTFKPYVNVKYSAKLGDDNIVDVEKKLLSFLPKDDVIVRDEAKWVDCFAEERKTHNLSDVFEKVSEYSLNGEEFVVYKSSLVDDFARRMHRRVQIFSLLFIEAANYIDETDPSWQIYWLLNKKTKELIGFVTTYKYWHYLGAKSFDEDIDKKFRAKISQFLIFPPYQNKGHGSCLYEAIIQSWLEDKSITEITVEDPNEAFDDLRDRNDIQRLRKLGYDAVFQKHSDLSDEFLESSRKSLKLEERQFNRLVEMLLLLNNS,2.3.1.48
1BS1,SKRYFVTGTDTEVGKTVASCALLQAAKAAGYRTAGYKPVASGSEKTPEGLRNSDALALQRNSSLQLDYATVNPYTFAEPTSPHIISAQEGRPIESLVMSAGLRALEQQADWVLVEGAGGWFTPLSDTFTFADWVTQEQLPVILVVGVKLGCINHAMLTAQVIQHAGLTLAGWVANDVTPPGKRHAEYMTTLTRMIPAPLLGEIPWLAENPENAATGKYINLALL,6.3.3.3
1BVQ,MARSITMQQRIEFGDCDPAGIVWYPNYHRWLDAASRNYFIKCGLPPWRQTVVERGIVGTPIVSCNASFVCTASYDDVLTIETCIKEWRRKSFVQRHSVSRTTPGGDVQLVMRADEIRVFAMNDGERLRAIEVPADYIELCS,3.1.2.23
1C1H,MSRKKMGLLVMAYGTPYKEEDIERYYTHIRRGRKPEPEMLQDLKDRYEAIGGISPLAQITEQQAHNLEQHLNEIQDEITFKAYIGLKHIEPFIEDAVAEMHKDGITEAVSIVLAPHFSTFSVQSYNKRAKEEAEKLGGLTITSVESWYDEPKFVTYWVDRVKETYASMPEDERENAMLIVSAHSLPEKIKEFGDPYPDQLHESAKLIAEGAGVSEYAVGWQSEGNTPDPWLGPDVQDLTRDLFEQKGYQAFVYVPVGFVADHLEVLYDNDYECKVVTDDIGASYYRPEMPNAKPEFIDALATVVLKKLGR,4.99.1.9
1C22,AISIKTPEDIEKMRVAGRLAAEVLEMIEPYVKPGVSTGELDRICNDYIVNEQHAVSACLGYHGYPKSVCISINEVVCHGIPDDAKLLKDGDIVNIDVTVIKDGFHGDTSKMFIVGKPTIMGERLCRITQESLYLALRMVKPGINLREIGAAIQKFVEAEGFSVVREYCGHGIGQGFHEEPQVLHYDSRETNVVLKPGMTFTIEPMVNAGKKEIRTMKDGWTVKTKDRSLSAQYEHTIVVTDNGCEILTLRKDDTIPAIISHDE,3.4.11.18
1C4T,ARSEKRVPMTRLRKRVAERLLEAKNSTAMLTTFNEVNMKPIMDLRKQYGEAFEKRHGIRLGFMSFYVKAVVEALKRYPEVNASIDGDDVVYHNYFDVSMAVSTPRGLVTPVLRDVDTLGMADIEKKIKELAVKGRDGKLTVEDLTGGNFTITNGGVFGSLMSTPIINPPQSAILGMHAIKDRPMAVNGQVEILPMMYLALSYDHRLIDGRESVGFLVTIKELLEDPTRLLLDV,2.3.1.61
1C5I,ASTDYWQNWTDGGGIVNAVNGSGGNYSVNWSNTGDFVVGKGWTTGSPFRTINYNAGVWAPNGNGYLTLYGWTRSPLIEYYVVDSWGTYRPTGTYKGTVKSDGGTYDIYTTTRYNAPSIDGDRTTFTQYWSVRQSKRPTGSNATITFTNHVNAWKSHGMNLGSNWAYQVMATEGYQSSGSSNVTVW,3.2.1.8
1CFR,MDIISKSGEGNKYTINSAIAFVAYASHIDINTTEFSKVLSGLRDFINDEAIRLGGKISDGSFNKCNGDWYEWLIGIRAIEFFLESETNFIVVKMPNATSFDVMSIYKSCLSEFIYDLRSKLSLNNVNLITSNPDFSIIDIRGRREELKSMLKDISFSNISLSTISEIDNLYKNFIDYAELEHIKSFLSVKTTFRPDRRLQLAHEGSLMKALYTHLQTRTWTINPTGIRYYAAATSIGNADVIGLKTVATHSITDVKSLPQSAVDEIFKINSVLDVDSCLSHILSS,3.1.21.4
1CHD,LKAGPLLSSEKLIAIGASTGGTEAIRHVLQPLPLSSPAVIITQHMPPGFTRSFAERLNKLCQISVKEAEDGERVLPGHAYIAPGDKHMELARSGANYQIKIHDGPPVNRHRPSVDVLFHSVAKHAGRNAVGVILTGMGNDGAAGMLAMYQAGAWTIAQNEASCVVFGMPREAINMGGVSEVVDLSQVSQQMLAKISAGQAIRI,3.5.1.44
1CI0,MTKQAEETQKPIIFAPETYQYDKFTLNEKQLTDDPIDLFTKWFNEAKEDPRETLPEAITFSSAELPSGRVSSRILLFKELDHRGFTIYSNWGTSRKAHDIATNPNAAIVFFWKDLQRQVRVEGITEHVNRETSERYFKTRPRGSKIGAWASRQSDVIKNREELDELTQKNTERFKDAEDIPCPDYWGGLRIVPLEIEFWQGRPSRLHDRFVYRRKTENDPWKVVRLAP,1.4.3.5
1CLU,MTEYKLVVVGAPGVGKSALTIQLIQNHFVDEYDPTIEDSYRKQVVIDGETCLLDILDTAGQEEYSAMRDQYMRTGEGFLCVFAINNTKSFEDIHQYREQIKRVKDSDDVPMVLVGNKCDLAARTVESRQAQDLARSYGIPYIETSAKTRQGVEDAFYTLVREIRQH,3.6.5.2
1CNQ,TDQAAFDTNIVTLTRFVMEEGRKARGTGEMTQLLNSLCTAVKAISTAVRKAGIAHLYGIAGSTNVTGDQVKKLDVLSNDLVINVLKSSFATCVLVSEEDKNAIIVEPEKRGKYVVCFDPLDGSSNIDCLVSIGTIFGIYRKNSTDEPSEKDALQPGRNLVAAGYALYGSATMLVLAMVNGVNCFMLDPAIGEFILVDRDVKIKKKGSIYSINEGYAKEFDPAITEYIQRKKFPPDNSAPYGARYVGSMVADVHRTLVYGGIFMYPANKKSPKGKLRLLYECNPMAYVMEKAGGLATTGKEAVLDIVPTDIHQRAPIILGSPEDVTELLEIYQKHAAK,3.1.3.11
1CP2,MRQVAIYGKGGIGKSTTTQNLTSGLHAMGKTIMVVGCDPKADSTRLLLGGLAQKSVLDTLREEGEDVELDSILKEGYGGIRCVESGGPEPGVGCAGRGIITSINMLEQLGAYTDDLDYVFYDVLGDVVCGGFAMPIREGKAQEIYIVASGEMMALYAANNISKGIQKYAKSGGVRLGGIICNSRKVANEYELLDAFAKELGSQLIHFVPRSPMVTKAEINKQTVIEYDPTCEQAEEYRELARKVDANELFVIPKPMTQERLEEILMQYG,1.18.6.1
1CV8,YNEQYVNKLENFKIRETQGNNGWCAGYTMSALLNATYNTNKYHAEAVMRFLHPNLQGQQFQFTGLTPREMIYFGQTQGRSPQLLNRMTTYNEVDNLTKNNKGIAILGSRVESRNGMHAGHAMAVVGNAKLNNGQEVIIIWNPWDNGFMTQDAKNNVIPVSNGDHYQWYSSIYGY,3.4.22.48
1CX1,ASLDSEVELLPHTSFAESLGPWSLYGTSEPVFADGRMCVDLPGGQGNPWDAGLVYNGVPVGEGESYVLSFTASATPDMPVRVLVGEGGGAYRTAFEQGSAPLTGEPATREYAFTSNLTFPPDGDAPGQVAFHLGKAGAYEFCISQVSLTTSAT,3.2.1.4
1D3Y,TVNQAKIFAQTTKMLEFAKQLLETDDFSTLREAYYVSKNWGEARFDDQQASNNVIEDLEAALGVLREHLGFIPEEDGSSVVGPLKIIEETPEGELVVDCTKLGTGAYNIPNDVTKLNLETDADFILAIETSGMFARLNAERFWDKHNCILVSLKGVPARATRRFIKRLHEEHDLPVLVFTDGDPYGYLNIYRTLKVGSGKAIHLADKLSIPAARLIGVTPQDIIDYDLPTHPLKEQDIKRIKDGLKNDDFVRSFPEWQKALKQMLDMGVRAEQQSLAKYGLKYVVNTYLPEKIKDESTWLP,5.6.2.2
1D7B,QSASQFTDPTTGFQFTGITDPVHDVTYGFVFPPLATSGAQSTEFIGEVVAPIASKWIGIALGGAMNNDLLLVAWANGNQIVSSTRWATGYVQPTAYTGTATLTTLPETTINSTHWKWVFRCQGCTEWNNGGGIDVTSQGVLAWAFSNVAVDDPSDPQSTFSEHTDFGFFGIDYSTAHSANYQNYLN,1.1.99.18
1DCP,MAGKAHRLSAEERDQLLPNLRAVGWNELEGRDAIFKQFHFKDFNRAFGFMTRVALQAEKLDHHPEWFNVYNKVHITLSTHECAGLSERDINLASFIEQVAVSMT,4.2.1.96
1DD7,MNPKSLTRGPRDKPTPLEELLPHAIEFINQYYGSFKEAKIEEHLARLEAVTKEIETTGTYQLTLDELIFATKMAWRNAPRCIGRIQWSNLQVFDARNCSTAQEMFQHICRHILYATNNGNIRSAITVFPQRSDGKHDFRLWNSQLIRYAGYQMPDGTIRGDAATLEFTQLCIDLGWKPRYGRFDVLPLVLQADGQDPEVFEIPPDLVLEVTMEHPKYEWFQELGLKWYALPAVANMLLEVGGLEFPACPFNGWYMGTEIGVRDFCDTQRYNILEEVGRRMGLETHTLASLWKDRAVTEINVAVLHSFQKQNVTIMDHHTASESFMKHMQNEYRARGGCPADWIWLVPPVSGSITPVFHQEMLNYVLSPFYYYQIEPWKTHIWQNEHHHH,1.14.13.39
1DE3,AVTWTCLNDQKNPKTNKYETKRLLYNQNKAESNSHHAPLSDGKTGSSYPHWFTNGYDGDGKLPKGRTPIKFGKSDCDRPPKHSKDGNGKTDHYLLEFPTFPDGHDYKFDSKKPKENPGPARVIYTYPNKVFCGIIAHTKENQGELKLCSH,4.6.1.23
1DPM,ARINTVRGPITISEAGFTLTHEHICGSSAGFLRAWPEFFGSRKALAEKAVRGLRRARAAGVRTIVDVSTFDIGRDVSLLAEVSRAADVHIVAATGLWFDPPLSMRLRSVEELTQFFLREIQYGIEDTGIRAGIIKVATTGKATPFQELVLKAAARASLATGVPVTTHTAASQRDGEQQAAIFESEGLSPSRVCIGHSDDTDDLSYLTALAARGYLIGLDHIPHSAIGLEDNASASALLGIRSWQTRALLIKALIDQGYMKQILVSNDWLFGFSSYVTNIMDVMDRVNPDGMAFIPLRVIPFLREKGVPQETLAGITVTNPARFLSPTLR,3.1.8.1
1DVE,MERPQLDSMSQDLSEALKEATKEVHIRAENSEFMRNFQKGQVSREGFKLVMASLYHIYTALEEEIERNKQNPVYAPLYFPEELHRRAALEQDMAFWYGPHWQEAIPYTPATQHYVKRLHEVGGTHPELLVAHAYTRYLGDLSGGQVLKKIAQKAMALPSSGEGLAFFTFPSIDNPTKFKQLYRARMNTLEMTPEVKHRVTEEAKTAFLLNIELFEELQALLTEEHKDQSPSQTEFLRQRPASLVQDTTSAETPRGKSQISTSSSQTP,1.14.14.18
1DW9,MIQSQINRNIRLDLADAILLSKAKKDLSFAEIADGTGLAEAFVTAALLGQQALPADAARLVGAKLDLDEDSILLLQMIPLRGCIDDRIPTDPTMYRFYEMLQVYGTTLKALVHEKFGDGIISAINFKLDVKKVADPEGGERAVITLDGKYLPTKPF,4.2.1.104
1E2A,MNREEMTLLGFEIVAYAGDARSKLLEALKAAENGDFAKADSLVVEAGSCIAEAHSSQTGMLAREASGEELPYSVTMMHGQDHLMTTILLKDVIHHLIELYKRGAK,2.7.1.69
1E2I,MPTLLRVYIDGPHGMGKTTTTQLLVALGSRDDIVYVPEPMTYWRVLGASETIANIYTTQHRLDQGEISAGDAAVVMTSAQITMGMPYAVTDAVLAPHIGGEAGSSHAPPPALTLIFDRHPIAALLCYPAARYLMGSMTPQAVLAFVALIPPTLPGTNIVLGALPEDRHIDRLAKRQRPGERLDLAMLAAIRRVYGLLANTVRYLQCGGSWREDWGQLSGTAVPPQGAEPQSNAGPRPHIGDTLFTLFRAPELLAPNGDLYNVFAWALDVLAKRLRSMHVFILDYDQSPAGCRDALLQLTSGMVQTHVTTPGSIPTICDLARTFAREMGEAN,2.7.1.21
1E5Q,MATKSVLMLGSGFVTRPTLDVLTDSGIKVTVACRTLESAKKLSAGVQHSTPISLDVNDDAALDAEVAKHDLVISLIPYTFHATVIKSAIRQKKHVVTTSYVSPAMMELDQAAKDAGITVMNEIGLDPGIDHLYAIKTIEEVHAAGGKIKTFLSYCGGLPAPESSDNPLGYKFSWSSRGVLLALRNAASFYKDGKVTNVAGPELMATAKPYFIYPGFAFVAYPNRDSTPYKERYQIPEADNIVRGTLRYQGFPQFIKVLVDIGFLSDEEQPFLKEAIPWKEATQKIVKASSASEQDIVSTIVSNATFESTEEQKRIVAGLKWLGIFSDKKITPRGNALDTLCATLEEKMQFEEGERDLVMLQHKFEIENKDGSRETRTSSLCEYGAPIGSGGYSAMAKLVGVPCAVAVKFVLDGTISDRGVLAPMNSKINDPLMKELKEKYGIECKEKVVA,1.5.1.10
1EHW,MGSSHHHHHHSSGLVPRGSHMGTRERTLVAVKPDGVQRRLVGDVIQRFERRGFTLVGMKMLQAPESVLAEHYQDLRRKPFYPALIRYMSSGPVVAMVWEGYNVVRASRAMIGHTDSAEAAPGTIRGDFSVHISRNVIHASDSVEGAQREIQLWFQSSELVSW,2.7.4.6
1EPV,NDFHRDTWAEVDLDAIYDNVENLRRLLPDDTHIMAVVKANAYGHGDVQVARTALEAGASRLAVAFLDEALALREKGIEAPILVLGASRPADAALAAQQRIALTVFRSDWLEEASALYSGPFPIHFHLKMDTGMGRLGVKDEEETKRIVALIERHPHFVLEGLYTHFATADEVNTDYFSYQYTRFLHMLEWLPSRPPLVHCANSAASLRFPDRTFNMVRFGIAMYGLAPSPGIKPLLPYPLKEAFSLHSRLVHVKKLQPGEKVSYGATYTAQTEEWIGTIPIGYADGWLRRLQHFHVLVDGQKAPIVGRICMDQCMIRLPGPLPVGTKVTLIGRQGDEVISIDDVARHLETINYEVPCTISYRVPRIFFRHKRIMEVRNAIGRGESSA,5.1.1.1
1ESW,MELPRAFGLLLHPTSLPGPYGVGVLGREARDFLRFLKEAGGRYWQVLPLGPTGYGDSPYQSFSAFAGNPYLIDLRPLAERGYVRLEDPGFPQGRVDYGLLYAWKWPALKEAFRGFKEKASPEEREAFAAFREREAWWLEDYALFMALKGAHGGLPWNRWPLPLRKREEKALREAKSALAEEVAFHAFTQWLFFRQWGALKAEAEALGIRIIGDMPIFVAEDSAEVWAHPEWFHLDEEGRPTVVAGVPPDYFSETGQRWGNPLYRWDVLEREGFSFWIRRLEKALELFHLVRIDHFRGFEAYWEIPASCPTAVEGRWVKAPGEKLFQKIQEVFGEVPVLAEDLGVITPEVEALRDRFGLPGMKVLQFAFDDGMENPFLPHNYPAHGRVVVYTGTHDNDTTLGWYRTATPHEKAFMARYLADWGITFREEEEVPWALMHLGMKSVARLAVYPVQDVLALGSEARMNYPGRPSGNWAWRLLPGELSPEHGARLRAMAEATERL,2.4.1.25
1EX7,SRPIVISGPSGTGKSTLLKKLFAEYPDSFGFSVSSTTRTPRAGEVNGKDYNFVSVDEFKSMIKNNEFIEWAQFSGNYYGSTVASVKQVSKSGKTCILDIDMQGVKSVKAIPELNARFLFIAPPSVEDLKKRLEGRGTETEESINKRLSAAQAELAYAETGAHDKVIVNDDLDKAYKELKDFIFAEK,2.7.4.8
1EXG,ASSGPAGCQVLWGVNQWNTGFTANVTVKNTSSAPVDGWTLTFSFPSGQQVTQAWSSTVTQSGSAVTVRNAPWNGSIPAGGTAQFGFNGSHTGTNAAPTAFSLNGTPCTVG,3.2.1.8
1EYP,MAASITAITVENLEYPAVVTSPVTGKSYFLGGAGERGLTIEGNFIKFTAIGVYLEDIAVASLAAKWKGKSSEELLETLDFYRDIISGPFEKLIRGSKIRELSGPEYSRKVMENCVAHLKSVGTYGDAEAEAMQKFAEAFKPVNFPPGASVFYRQSPDGILGLSFSPDTSIPEKEAALIENKAVSSAVLETMIGEHAVSPDLKRCLAARLPALLNEGAFKIGN,5.5.1.6
1EZM,AEAGGPGGNQKIGKYTYGSDYGPLIVNDRCEMDDGNVITVDMNSSTDDSKTTPFRFACPTNTYKQVNGAYSPLNDAHFFGGVVFKLYRDWFGTSPLTHKLYMKVHYGRSVENAYWDGTAMLFGDGATMFYPLVSLDVAAHEVSHGFTEQNSGLIYRGQSGGMNEAFSDMAGEAAEFYMRGKNDFLIGYDIKKGSGALRYMDQPSRDGRSIDNASQYYNGIDVHHSSGVYNRAFYLLANSPGWDTRKAFEVFVDANRYYWTATSNYNSGACGVIRSAQNRNYSAADVTRAFSTVGVTCPSAL,3.4.24.26
1F06,MTNIRVAIVGYGNLGRSVEKLIAKQPDMDLVGIFSRRATLDTKTPVFDVADVDKHADDVDVLFLCMGSATDIPEQAPKFAQFACTVDTYDNHRDIPRHRQVMNEAATAAGNVALVSTGWDPGMFSINRVYAAAVLAEHQQHTFWGPGLSQGHSDALRRIPGVQKAVQYTLPSEDALEKARRGEAGDLTGKQTHKRQCFVVADAADHERIENDIRTMPDYFVGYEVEVNFIDEATFDSEHTGMPHGGHVITTGDTGGFNHTVEYILKLDRNPDFTASSQIAFGRAAHRMKQQGQSGAFTVLEVAPYLLSPENLDDLIARDV,1.4.1.16
1F17,SSSSTASASAKKIIVKHVTVIGGGLMGAGIAQVAAATGHTVVLVDQTEDILAKSKKGIEESLRKVAKKKFAENPKAGDECVEKTLSTIATSTDAASVVHSTDLVVEAIVENLKVKNELFKRLDKFAAEHTIFASNTSSLQITSIANATTRQDRFAGLHFFNPVPVMKLVEVIKTPMTSQKTFESLVDFSKALGKHPVSCKDTPGFIVNRLLVPYLMEAIRLYERGDASKEDIDTAMKLGAGYPMGPFELLDYVGLDTTKFIVDGWHEMDAENPLHQPSPSLNKLVAENKFGKKTGEGFYKYKLEHHHHHH,1.1.1.35
1F4R,GACATGATTGCCT,3.2.2.21
1F8G,MKIAIPKERRPGEDRVAISPEVVKKLVGLGFEVIVEQGAGVGASITDDALTAAGATIASTAAQALSQADVVWKVQRPMTAEEGTDEVALIKEGAVLMCHLGALTNRPVVEALTKRKITAYAMELMPRISRAQSMDILSSQSNLAGYRAVIDGAYEFARAFPMMMTAAGTVPPARVLVFGVGVAGLQAIATAKRLGAVVMATDVRAATKEQVESLGGKFITVDDEAMKTAETAGGYAKEMGEEFRKKQAEAVLKELVKTDIAITTALIPGKPAPVLITEEMVTKMKPGSVIIDLAVEAGGNCPLSEPGKIVVKHGVKIVGHTNVPSRVAADASPLFAKNLLNFLTPHVDKDTKTLVMKLEDETVSGTCVTRDGAIVHPALTGQGA,7.1.1.1
1F8V,UUUUUUUUUUUUUAAAAUUUUUUUU,3.4.23.44
1FCV,TPDNNKTVREFNVYWNVPTFMCHKYGLRFEEVSEKYGILQNWMDKFRGEEIAILYDPGMFPALLKDPNGNVVARNGGVPQLGNLTKHLQVFRDHLINQIPDKSFPGVGVIDFESWRPIFRQNWASLQPYKKLSVEVVRREHPFWDDQRVEQEAKRRFEKYGQLFMEETLKAAKRMRPAANWGYYAYPYCYNLTPNQPSAQCEATTMQENDKMSWLFESEDVLLPSVYLRWNLTSGERVGLVGGRVKEALRIARQMTTSRKKVLPYYWYKYQDRRDTDLSRADLEATLRKITDLGADGFIIWGSSDDINTKAKCLQFREYLNNELGPAVKRIALNNNANDRLTVDVSVDQV,3.2.1.35
1FFQ,AAPGKPTIAWGNTKFAIVEVDQAATAYNNLVKVKNAADVSVSWNLWNGDTGTTAKVLLNGKEAWSGPSTGSSGTANFKVNKGGRYQMQVALCNADGCTASDATEIVVADTDGSHLAPLKEPLLEKNKPYKQNSGKVVGSYFVEWGVYGRNFTVDKIPAQNLTHLLYGFIPICGGNGINDSLKEIEGSFQALQRSCQGREDFKVSIHDPFAALQKAQKGVTAWDDPYKGNFGQLMALKQAHPDLKILPSIGGWTLSDPFFFMGDKVKRDRFVGSVKEFLQTWKFFDGVDIDWEFPGGKGANPNLGSPQDGETYVLLMKELRAMLDQLSVETGRKYELTSAISAGKDKIDKVAYNVAQNSMDHIFLMSYDFYGAFDLKNLGHQTALNAPAWKPDTAYTTVNGVNALLAQGVKPGKIVVGTAMYGRGWTGVNGYQNNIPFTGTATGPVKGTWENGIVDYRQIAGQFMSGEWQYTYDATAEAPYVFKPSTGDLITFDDARSVQAKGKYVLDKQLGGLFSWEIDADNGDILNSMNASLGNSAGVQ,3.2.1.14
1FLC,IFGIDDLIIGVLFVAIVETGIGGYLLGSRKESGGGVTKESAEKGFEKIGNDIQILKSSINIAIEKLNDRISHDEQAIRDLTLEIENARSEALLGELGIIRALLVGNISIGLQESLWELASEITNRAGDLAVEVSPGCWIIDNNICDQSCQNFIFKFNETAPVPTIPPLDTKIDLQ,3.1.1.53
1FOA,SRLQELAVIPILVIACDRSTVRRCLDKLLHYRPSAELFPIIVSQDCGHEETAQVIASYGSAVTHIRQPDLSNIAVQPDHRKFQGYYKIARHYRWALGQIFHNFNYPAAVVVEDDLEVAPDFFEYFQATYPLLKADPSLWCVSAWNDNGKEQMVDSSKPELLYRTDFFPGLGWLLLAELWAELEPKWPKAFWDDWMRRPEQRKGRACVRPEISRTMTFGRKGVSHGQFFDQHLKFIKLNQQFVPFTQLDLSYLQQEAYDRDFLARVYGAPQLQVEKVRTNDRKELGEVRVQYTGRDSFKAFAKALGVMDDLKSGVPRAGYRGIVTFLFRGRRVHLAPPQTWDGYDPSWT,2.4.1.101
1FQO,MRLIPLTTAEQVGKWAARHIVNRINAFKPTADRPFVLGLPTGGTPMTTYKALVEMHKAGQVSFKHVVTFNMDEYVGLPKEHPESYYSFMHRNFFDHVDIPAENINLLNGNAPDIDAECRQYEEKIRSYGKIHLFMGGVGNDGHIAFNEPASSLASRTRIKTLTHDTRVANSRFFDNDVNQVPKYALTVGVGTLLDAEEVMILVLGSQKALALQAAVEGCVNHMWTISCLQLHPKAIMVCDEPSTMELKVKTLRYFNELEAENIKGL,3.5.99.6
1FTH,MRMIVGHGIDIEELASIESAVTRHEGFAKRVLTALEMERFTSLKGRRQIEYLAGRWSAKEAFSKAMGTGISKLGFQDLEVLNNERGAPYFSQAPFSGKIWLSISHTDQFVTASVILEENHES,2.7.8.7
1FTR,MEINGVEIEDTFAEAFEAKMARVLITAASHKWAMIAVKEATGFGTSVIMCPAEAGIDCGYVPPEETPDGRPGVTIMIGHNDEDELKEQLLDRIGQCVMTAPTASAFDAMPEAEKEDEDRVGYKLSFFGDGYQEEDELDGRKVWKIPVVEGEFIVEDSFGITTGVAGGNFYIMAESQPAGLQAAEAAVDAIKGVEGAYAPFPGGIVASASKVGSKQYDFLPASTNDAYCPTVEDNELPEGVKCVYEIVINGLNEEAVKEAMRVGIEAACQQPGVVKISAGNFGGKLGQYEIHLHDLF,2.3.1.101
1FYD,SMQEKIMRELHVKPSIDPKQEIEDRVNFLKQYVKKTGAKGFVLGISGGQDSTLAGRLAQLAVESIREEGGDAQFIAVRLPHGTQQDEDDAQLALKFIKPDKSWKFDIKSTVSAFSDQYQQETGDQLTDFNKGNVKARTRMIAQYAIGGQEGLLVLGTDHAAEAVTGFFTKYGDGGADLLPLTGLTKRQGRTLLKELGAPERLYLKEPTADLLDEKPQQSDETELGISYDEIDDYLEGKEVSAKVSEALEKRYSMTEHKRQVPASMFDDWWK,6.3.1.5
1G6C,HHGIRMTRISREMMKELLSVYFIMGSNNTKADPVTVVQKALKGGATLYQFREKGGDALTGEARIKFAEKAQAACREAGVPFIVNDDVELALNLKADGIHIGQEDANAKEVRAAIGDMILGVAAHTMSEVKQAEEDGADYVGLGPIYPTETKKDTRAVQGVSLIEAVRRQGISIPIVGIGGITIDNAAPVIQAGADGVSMISAISQAEDPESAARKFREEIQTYKTGR,2.5.1.3
1G8T,DTLESIDNCAVGCPTGGSSNVSIVRHAYTLNNNSTTKFANWVAYHITKDTPASGKTRNWKTDPALNPADTLAPADYTGANAALKVDRGHQAPLASLAGVSDWESLNYLSNITPQKSDLNQGAWARLEDQERKLIDRADISSVYTVTGPLYERDMGKLPGTQKAHTIPSAYWKVIFINNSPAVNHYAAFLFDQNTPKGADFCQFRVTVDEIEKRTGLIIWAGLPDDVQASLKSKPGVLPELMGCKN,3.1.30.2
1G97,MSNFAIILAAGKGTRMKSDLPKVLHKVAGISMLEHVFRSVGAIQPEKTVTVVGHKAELVEEVLAGQTEFVTQSEQLGTGHAVMMTEPILEGLSGHTLVIAGDTPLITGESLKNLIDFHINHKNVATILTAETDNPFGYGRIVRNDNAEVLRIVEQKDATDFEKQIKEINTGTYVFDNERLFEALKNINTNNAQGEYYITDVIGIFRETGEKVGAYTLKDFDESLGVNDRVALATAESVMRRRINHKHMVNGVSFVNPEATYIDIDVEIASEVQIEANVTLKGQTKIGAETVLTNGTYVVDSTIGAGAVITNSMIEESSVADGVIVGPYAHIRPNSSLGAQVHIGNFVEVKGSSIGENTKAGHLTYIGNCEVGSNVNFGAGTITVNYDGKNKYKTVIGNNVFVGSNSTIIAPVELGDNSLVGAGSTITKDVPADAIAIGRGRQINKDEYATRLPHHPKNQ,2.3.1.157
1GKZ,STSATDTHHVELARERSKTVTSFYNQSAIDVVAEKPSVRLTPTMMLYSGRSQDGSHLLKSGRYLQQELPVRIAHRIKGFRSLPFIIGCNPTILHVHELYIRAFQKLTDFPPIKDQADEAQYCQLVRQLLDDHKDVVTLLAEGLRESRKHIEDEKLVRYFLDKTLTSRLGIRMLATHHLALHEDKPDFVGIICTRLSPKKIIEKWVDFARRLCEHKYGNAPRVRINGHVAARFPFIPMPLDYILPELLKNAMRATMESHLDTPYNVPDVVITIANNDVDLIIRISDRGGGIAHKDLDRVMDYHFTTAEASTQDPRISPLFGHLDMHSGGQSGPMHGFGFGLPTSRAYAEYLGGSLQLQSLQGIGTDVYLRLRHIDGREESFRIHHHHHH,2.7.11.4
1GMP,DVSGTVCLSALPPEATDTLNLIASDGPFPYSQDGVVFQNRESVLPTQSYGYYHEYTVITPGARTRGTRRIICGEATQEDYYTGDHYATFSLIDQTC,4.6.1.24
1GOQ,QAAQSVDQLIKARGKVYFGVATDQNRLTTGKNAAIIQADFGQVTPENSMKWDATEPSQGNFNFAGADYLVNWAQQNGKLIRGHTLVWHSQLPSWVSSITDKNTLTNVMKNHITTLMTRYKGKIRAWDVVNEAFNEDGSLRQTVFLNVIGEDYIPIAFQTARAADPNAKLYINDYNLDSASYPKTQAIVNRVKQWRAAGVPIDGIGSQTHLSAGQGAGVLQALPLLASAGTPEVAITELDVAGASPTDYVNVVNACLNVQSCVGITVWGVADPDSWRASTTPLLFDGNFNPKPAYNAIVQDLQQ,3.2.1.8
1GOY,FTPVTKAAVINTFDGVADYLIRYKRLPNDYITKSQASALGWVASKGDLAEVAPGKSIGGDVFSNREGRLPSAGSRTWREADINYVSGFRNADRLVYSSDWLIYKTTDHYATFTRIR,3.1.27.-
1GQO,PHFLILNGPNVNRLGSREPEVFGRQTLTDIETDLFQFAEALHIQLTFFQSNHEGDLIDAIHEAEEQYSGIVLNPGALSHYSYAIRDAVSSISLPVVEVHLSNLYAREEFRHQSVIAPVAKGQIVGLGAEGYKLAVRYLLSQQG,4.2.1.10
1GSA,MIKLGIVMDPIANINIKKDSSFAMLLEAQRRGYELHYMEMGDLYLINGEARAHTRTLNVKQNYEEWFSFVGEQDLPLADLDVILMRKDPPFDTEFIYATYILERAEEKGTLIVNKPQSLRDCNEKLFTAWFSDLTPETLVTRNKAQLKAFWEKHSDIILKPLDGMGGASIFRVKEGDPNLGVIAETLTEHGTRYCMAQNYLPAIKDGDKRVLVVDGEPVPYCLARIPQGGETRGNLAAGGRGEPRPLTESDWKIARQIGPTLKEKGLIFVGLDIIGDRLTEINVTSPTCIREIEAEFPVSITGMLMDAIEARLQQQ,6.3.2.3
1GXS,QLQQQEDDRILGLPGQPNGVAFGMYGGYVTIDDNNGRALYYWFQEADTADPAAAPLVLWLNGGPGCSSIGLGAMQELGAFRVHTNGESLLLNEYAWNKAANILFAESPAGVGFSYSNTSSDLSMGDDKMAQDTYTFLVKWFERFPHYNYREFYIAGESGHFIPQLSQVVYRNRNNSPFINFQGLLVSSGLTNDHEDMIGMFESWWHHGLISDETRDSGLKVCPGTSFMHPTPECTEVWNKALAEQGNINPYTIYTPTCDREPSPYQRRFW,4.1.2.11
1GYD,QVDVHDPVMTREGDTWYLFSTGPGITIYSSKDRVNWRYSDRAFATEPTWAKRVSPSFDGHLWAPDIYQHKGLFYLYYSVSAFGKNTSAIGVTVNKTLNPASPDYRWEDKGIVIESVPQRDLWNAIDPAIIADDHGQVWMSFGSFWGGLKLFKLNDDLTRPAEPQEWHSIAKLERSVLMDDSQAGSAQIEAPFILRKGDYYYLFASWGLCCRKGDSTYHLVVGRSKQVTGPYLDKTGRDMNQGGGSLLIKGNKRWVGLGHNSAYTWDGKDYLVLHAYEAADNYLQKLKILNLHWDGEGWPQVDEKELDSYISQRLK,3.2.1.55
1H6Y,MEEPDANGYYYHDTFEGSVGQWTARGPAEVLLSGRTAYKGSESLLVRNRTAAWNGAQRALNPRTFVPGNTYCFSVVASFIEGASSTTFCMKLQYVDGSGTQRYDTIDMKTVGPNQWVHLYNPQYRIPSDATDMYVYVATADDTINFYIDEAIGAVAGTVIEGLEHHHHHH,3.2.1.8
1HKA,TVAYIAIGSNLASPLEQVNAALKALGDIPESHILTVSSFYRTPPLGPQDQPDYLNAAVALETSLAPEELLNHTQRIELQQGRVRKAERWGPRTLDLDIMLFGNEVINTERLTVPHYDMKNRGFMLWPLFEIAPELVFPDGEMLRQILHTRAFDKLNKW,2.7.6.3
1HYO,GSMSFIPVAEDSDFPIQNLPYGVFSTQSNPKPRIGVAIGDQILDLSVIKHLFTGPALSKHQHVFDETTLNNFMGLGQAAWKEARASLQNLLSASQARLRDDKELRQRAFTSQASATMHLPATIGDYTDFYSSRQHATNVGIMFRGKENALLPNWLHLPVGYHGRASSIVVSGTPIRRPMGQMRPDNSKPPVYGACRLLDMELEMAFFVGPGNRFGEPIPISKAHEHIFGMVLMNDWSARDIQQWEYVPLGPFLGKSFGTTISPWVVPMDALMPFVVPNPKQDPKPLPYLCHSQPYTFDINLSVSLKGEGMSQAATICRSNFKHMYWTMLQQLTHHSVNGCNLRPGDLLASGTISGSDPESFGSMLELSWKGTKAIDVGQGQTRTFLLDGDEVIITGHCQGDGYRVGFGQCAGKVLPALSPA,3.7.1.2
1I1H,MRGSHHHHHHPEYDYIRDGNAIYERSFAIIRAEADLSRFSEEEADLAVRMVHACGSVEATRQFVFSPDFVSSARAALKAGAPILCDAEMVAHGVTRARLPAGNEVICTLRDPRTPALAAEIGNTRSAAALKLWSERLAGSVVAIGNAPTALFFLLEMLRDGAPKPAAILGMPVGFVGAAESKDALAENSYGVPFAIVRGRLGGSAMTAAALNSLARPGL,5.4.99.61
1I24,MRGSHHHHHHGSRVMVIGGDGYCGWATALHLSKKNYEVCIVDNLVRRLFDHQLGLESLTPIASIHDRISRWKALTGKSIELYVGDICDFEFLAESFKSFEPDSVVHFGEQRSAPYSMIDRSRAVYTQHNNVIGTLNVLFAIKEFGEECHLVKLGTMGEYGTPNIDIEEGYITITHNGRTDTLPYPKQASSFYHLSKVHDSHNIAFTCKAWGIRATDLNQGVVYGVKTDETEMHEELRNRLDYDAVFGTALNRFCVQAAVGHPLTVYGKGGQTRGYLDIRDTVQCVEIAIANPAKAGEFRVFNQFTEQFSVNELASLVTKAGSKLGLDVKKMTVPNPRVEAEEHYYNAKHTKLMELGLEPHYLSDSLLDSLLNFAVQFKDRVDTKQIMPSVSWKKIGVKTKSMTT,3.13.1.1
1I4S,MKMLEQLEKKLGYTFKDKSLLEKALTHVSYSKKEHYETLEFLGDALVNFFIVDLLVQYSPNKREGFLSPLKAYLISEEFFNLLAQKLELHKFIRIKRGKINETIIGDVFEALWAAVYIDSGRDANFTRELFYKLFKEDILSAIKEGR,3.1.26.3
1I9Y,YDPIHEYVNHELRKRENEFSEHKNVKIFVASYNLNGCSATTKLENWLFPENTPLADIYVVGFQEIVQLTPQQVISADPAKRREWESCVKRLLNGKCTSGPGYVQLRSGQLVGTALMIFCKESCLPSIKNVEGTVKKTGLGGVSGNKGAVAIRFDYEDTGLCFITSHLAAGYTNYDERDHDYRTIASGLRFRRGRSIFNHDYVVWFGDFNYRISLTYEEVVPCIAQGKLSYLFEYDQLNKQMLTGKVFPFFSELPITFPPTYKFDIGTDIYDTSDKHRVPAWTDRILYRGELVPHSYQSVPLYYSDHRPIYATYEANIVKVDREKKKILFEELYNQRKQEVRDASQTS,3.1.3.36
1IAJ,TNYYYSAVERNNLMRLSQSIPFVPVPPRGEPVTVYRLEESSPSILNNSMSSWSQLGLCAKIEFLSKEEMGGGLRRAVKVLCTWSEHDILKSGHLYIIKSFLPEVINTWSSIYKEDTVLHLCLREIQQQRAAQKLTFAFNQMKPKSIPYSPRFLEVFLLYCHSAGQWFAVEECMTGEFRKYNNNNGDEIIPTNTLEEIMLAFSHWTYEYTRGELLVLDLQGVGENLTDPSVIKAEEKRSCDMVFGPANLGEDAIKNFRAKHHCNSCCRKLKLPDLKRNDYT,2.7.11.1
1IHO,MLIIETLPLLRQQIRRLRMEGKRVALVPTMGNLHDGHMKLVDEAKARADVVVVSIFVNPMQFDRPEDLARYPRTLQEDCEKLNKRKVDLVFAPSVKEIYPNGTETHTYVDVPGLSTMLEGASRPGHFRGVSTIVSKLFNLVQPDIACFGEKDFQQLALIRKMVADMGFDIEIVGVPIMRAKDGLALSSRNGYLTAEQRKIAPGLYKVLSSIADKLQAGERDLDEIITIAGQELNEKGFRADDIQIRDADTLLEVSETSKRAVILVAAWLGDARLIDNKMVELA,6.3.2.1
1ITQ,DFFRDEAERIMRDSPVIDGHNDLPWQLLDMFNNRLQDERANLTTLAGTHTNIPKLRAGFVGGQFWSVYTPCDTQNKDAVRRTLEQMDVVHRMCRMYPETFLYVTSSAGIRQAFREGKVASLIGVEGGHSIDSSLGVLRALYQLGMRYLTLTHSCNTPWADNWLVDTGDSEPQSQGLSPFGQRVVKELNRLGVLIDLAHVSVATMKATLQLSRAPVIFSHSSAYSVCASRRNVPDDVLRLVKQTDSLVMVNFYNNYISCTNKANLSQVADHLDHIKEVAGARAVGFGGDFDGVPRVPEGLEDVSKYPDLIAELLRRNWTEAEVKGALADNLLRVFEAVEQASNLTQAPEEEPIPLDQLGGSCRTHYGYSS,3.5.2.6
1IU4,DSDDRVTPPAEPLDRMPDPYRPSYGRAETVVNNYIRKWQQVYSHRDGRKQQMTEEQREWLSYGCVGVTWVNSGQYPTNRLAFASFDEDRFKNELKNGRPRSGETRAEFEGRVAKESFDEEKGFQRAREVASVMNRALENAHDESAYLDNLKKELANGNDALRNEDARSPFYSALRNTPSFKERNGGNHDPSRMKAVIYSKHFWSGQDRSSSADKRKYGDPDAFRPAPGTGLVDMSRDRNIPRSPTSPGEGFVNFDYGWFGAQTEADADKTVWTHGNHYHAPNGSLGAMHVYESKFRNWSEGYSDFDRGAYVITFIPKSWNTAPDKVKQGWP,2.3.2.13
1IYL,EGPIDKLKTPEDVPNDPLPLISDFEWSTLDIDDNLQLDELYKLLYDNYVEDIDATFRFKYSHEFFQWALKPPGWRKDWHVGVRVKSTGKLVAFIAATPVTFKLNKSNKVIDSVEINFLCIHKKLRNKRLAPVLIKEITRRVNKQNIWQALYTGGSILPTPLTTCRYQHRPINWSKLHDVGFSHLPPNQTKSSMVASYTLPNNPKLKGLRPMTGKDVSTVLSLLYKYQERFDIVQLFTEEEFKHWMLGHDENSDSNVVKSYVVEDENGIITDYFSYYLLPFTVLDNAQHDELGIAYLFYYASDSFEKPNYKKRLNELITDALITSKKFGVDVFNCLTCQDNTYFLKDCKFGSGDGFLNYYLFNYRTFPMDGGIDKKTKEVVEDQTSGIGVVLL,2.3.1.97
1J9K,MRILVTNDDGIQSKGIIVLAELLSEEHEVFVVAPDKERSATGHSITIHVPLWMKKVFISERVVAYSTTGTPADCVKLAYNVVMDKRVDLIVSGVNRGPNMGMDILHSGTVSGAMEGAMMNIPSIAISSANYESPDFEGAARFLIDFLKEFDFSLLDPFTMLNINVPAGEIKGWRFTRQSRRRWNDYFEERVSPFGEKYYWMMGEVIEDDDRDDVDYKAVREGYVSITPIHPFLTNEQCLKKLREVYD,3.1.3.5
1JCL,HMTDLKASSLRALKLMDLTTLNDDDTDEKVIALCHQAKTPVGNTAAICIYPRFIPIARKTLKEQGTPEIRIATVTNFPHGNDDIDIALAETRAAIAYGADEVDVVFPYRALMAGNEQVGFDLVKACKEACAAANVLLKVIIETGELKDEALIRKASEISIKAGADFIKTSTGKVAVNATPESARIMMEVIRDMGVEKTVGFKPAGGVRTAEDAQKYLAIADELFGADWADARHYRFGASSLLASLLKALGHGDGKSASSY,4.1.2.4
1JHF,MKALTARQQEVFDLIRDHISQTGMPPTRAEIAQRLGFRSPNAAEEHLKALARKGVIEIVSGASRGIRLLQEEEEGLPLVGRVAADEPLLAQQHIEGHYQVDPSLFKPNADFLLRVSGMSMKDIGIMDGDLLAVHKTQDVRNGQVVVARIDDEVTVKRLKKQGNKVELLPENSEFKPIVVDLRQQSFTIEGLAVGVIRNGDWL,3.4.21.88
1JKK,TVFRQENVDDYYDTGEELGSGQFAVVKKCREKSTGLQYAAKFIKKRRTKSSRRGVSREDIEREVSILKEIQHPNVITLHEVYENKTDVILILELVAGGELFDFLAEKESLTEEEATEFLKQILNGVYYLHSLQIAHFDLKPENIMLLDRNVPKPRIKIIDFGLAHKIDFGNEFKNIFGTPEFVAPEIVNYEPLGLEADMWSIGVITYILLSGASPFLGDTKQETLANVSAVNYEFEDEYFSNTSALAKDFIRRLLVKDPKKRMTIQDSLQHPWIKPKDTQQALSSAWSHPQFEK,2.7.11.1
1JQ6,MTMDEQQSQAVAPVYVGGFLARYDQSPDEAELLLPRDVVEHWLHAQGQGQPSLSVALPLNINHDDTAVVGHVAAMQSVRDGLFCLGCVTSPRFLEIVRRASEKSELVSRGPVSPLQPDKVVEFLSGSYAGLSLSSRRCDDVEQATSLSGSETTPFKHVALCSVGRRRGTLAVYGRDPEWVTQRFPDLTAADRDGLRAQWQRCGSTAVDASGDPFRSDSYGLLGNYVDALYIRERLPKLRYDKQLVGVTERESYVKA,3.4.21.97
1JR8,LMGDDKVKKEVGRASWKYFHTLLARFPDEPTPEEREKLHTFIGLYAELYPCGECSYHFVKLIEKYPVQTSSRTAAAMWGCHIHNKVNEYLKKDIYDCATILEDYDCGCSDSDGKRVS,1.8.3.2
1JYO,TDKAYVAPEKFSSKVLTWLGKMPLFKNTEVVQKHTENIRVQDQKILQTFLHALTEKYGETAVNDALLMSRINMNKPLTQRLAVQITECVKAADEGFINLIKSKDN,3.1.3.48
1K04,LSSPADSYNEGVKLQPQEISPPPTANLDRSNDKVYENVTGLVKAVIEMSSKIQPAPPEEYVPMVKEVGLALRTLLATVDETIPLLPASTHREIEMAQKLLNSDLGELINKMKLAQQYVMTSLQQEYKKQMLTAAHALAVDAKNLLDVIDQARLKMLGQTRPH,2.7.10.2
1K3B,DTPANCTYLDLLGTWVFQVGSSGSQRDVNCSVMGPQEKKVVVYLQKLDTAYDDLGNSGHFTIIYNQGFEIVLNDYKWFAFFKYKEEGSKVTTYCNETMTGWVHDVLGRNWACFTGKKVG,3.4.14.1
1K54,SITENTSWNKEFSAEAVNGVFVLCKSSSKSCATNDLARASKEYLPASTFKIPNAIIGLETGVIKNEHQVFKWDGKPRAMKQWERDLTLRGAIQVSAVPVFQQIAREVGEVRMQKYLKKFSYGNQNISGGIDKFWLEGQLRISAVNQVEFLESLYLNKLSASKENQLIVKEALVTEAAPEYLVHSKTGFSGVGTESNPGVAWWVGWVEKETEVYFFAFNMDIDNESKLPLRKSIPTKIMESEGIIGG,3.5.2.6
1KAZ,MSKGPAVGIDLGTTYSCVGVFQHGKVEIIANDQGNRTTPSYVAFTDTERLIGDAAKNQVAMNPTNTVFDAERLIGRRFDDAVVQSDMKHWPFMVVNDAGRPKVQVEYKGETKSFYPEEVSSMVLTKMKEIAEAYLGKTVTNAVVTVPAYFNDSQRQATKDAGTIAGLNVLRIINEPTAAAIAYGLDKKVGAERNVLIFDLGGGTFDVSILTIEDGIFEVKSTAGDTHLGGEDFDNRMVNHFIAEFKRKHKKDISENKRAVRRLRTACERAKRTLSSSTQASIEIDSLYEGIDFYTSITRARFEELNADLFRGTLDPVEKALRDAKLDKSQIHDIVLVGGSTRIPKIQKLLQDFFNGKELNKSINPDEAVAYGAAVQAAILS,3.6.4.10
1KGY,AEETLMDSTTATAELGWMVHPPSGWEEVSGYDENMNTIRTYQVCNVFESSQNNWLRTKFIRRRGAHRIHVEMKFSVRDCSSIPSVPGSCKETFNLYYYEADFDLATKTFPNWMENPWVKVDTIAADESFSQVDLGGRVMKINTEVRSFGPVSRNGFYLAFQDYGGCMSLIAVRVFYRKCPR,2.7.10.1
1KSH,GSMSAKDERAREILRGFKLNWMNLRDAETGKILWQGTEDLSVPGVEHEARVPKKILKCKAVSRELNFSSTEQMEKFRLEQKVYFKGQCLEEWFFEFGFVIPNSTNTWQSLIEAAPESQMMPASVLTGNVIIETKFFDDDLLVSTSRVRLFYV,3.1.4.17
1KUL,CTTPTAVAVTFDLTATTTYGENIYLVGSISQLGDWETSDGIALSADKYTSSDPLWYVTVTLPAGESFEYKFIRIESDDSVEWESDPNREYTVPQACGTSTATVTDTWR,3.2.1.3
1LK7,MNVEEMKKIAAKEALKFIEDDMVIGLGTGSTTAYFIKLLGEKLKRGEISDIVGVPTSYQAKLLAIEHDIPIASLDQVDAIDVAVDGADEVDPNLNLIKGRGAALTMEKIIEYRAGTFIVLVDERKLVDYLCQKMPVPIEVIPQAWKAIIEELSIFNAKAELRMGVNKDGPVITDNGNFIIDAKFPRIDDPLDMEIELNTIPGVIENGIFADIADIVIVGTREGVKKLER,5.3.1.6
1LW1,MSIEKLKAALPEYAKDIKLNLSSITRSSVLDQEQLWGTLLASAAATRNPQVLADIGAEATDHLSAAARHAALGAAAIMGMNNVFYRGRGFLEGRYDDLRPGLRMNIIANPGIPKANFELWSFAVSAINGCSHCLVAFEHTLRTVGVDREAIFEALKAAAIVSGVAQALATIEALSPS,1.11.1.28
1LWB,APADKPQVLASFTQTSASSQNAWLAANRNQSAWAAYEFDWSTDLCTQAPDNPFGFPFNTACARHDFGYRNYKAAGSFDANKSRIDSAFYEDMKRVCTGYTGEKNTACNSTAWTYYQAVKIFG,3.1.1.4
1LZS,KVFERCELARTLKRLGMDGYRGISLANWMCLAKWESGYNTRATNYNAGDRSTDYGIFQINSRYWCNDGKTPGAVNACHLSCSALLQDNIADAVACAKRVVRDPQGIRAWVAWRNRCQNRDVRQYVQGCGV,3.2.1.17
1M0D,VGAFRSGLEDKVSKQLESKGIKFEYEEWKVPYVIPASNHTYTPDFLLPNGIFVETKGLWESDDRKKHLLIREQHPELDIRIVFSSSRTKLYKGSPTSYGEFCEKHGIKFADKLIPAEWIKEPKKEVPFDRLKRKGGKK,3.1.21.2
1MA1,MNDLEKKFYELPELPYPYDALEPHISREQLTIHHQKHHQAYVDGANALLRKLDEARESDTDVDIKAALKELSFHVGGYVLHLFFWGNMGPADECGGEPSGKLAEYIEKDFGSFERFRKEFSQAAISAEGSGWAVLTYCQRTDRLFIMQVEKHNVNVIPHFRILLVLDVWEHAYYIDYRNVRPDYVEAFWNIVNWKEVEKRFEDIL,1.15.1.1
1MHM,MEMDLPVSAIGFEGFEKRLEISFVEPGLFADPNGKGLRSLSKAQLDEILGPAECTIVDNLSNDYVDSYVLSE,4.1.1.50
2ILX,GSHMFLPLYFGWFLTKKSSETLRKAGQVFLEELGNHKAFKKELRHFISGDEPKEKLDLVSYFGKRPPGVLHCTTKFCDYGKATGAEEYAQQDVVRRSYGKAFKLSISALFVTPKTAGAQVVLNEQELQLWPSDLDKPSSSESLPPGSRAHVTLGCAADVQPVQTGLDLLEILQQVKGGSQGEEVGELPRGKLYSLGKGRWMLSLAKKMEVKAIFTGYYG,3.1.4.37
1NLN,MGSSEQELKAIVKDLGCGPYFLGTYDKRFPGFVSPHKLACAIVNTAGRETGGVHWMAFAWNPRSKTCYLFEPFGFSDQRLKQVYQFEYESLLRRSAIASSPDRCITLEKSTQSVQGPNSAACGLFCCMFLHAFANWPQTPMDHNPTMNLITGVPNSMLNSPQVQPTLRRNQEQLYSFLERHSPYFRSHSAQIRSATSFCHLKNM,3.4.22.39
1NZ0,GSTESFTRRERLRLRRDFLLIFKEGKSLQNEYFVVLFRKNGMDYSRLGIVVKRKFGKATRRNKLKRWVREIFRRNKGVIPKGFDIVVIPRKKLSEEFERVDFWTVREKLLNLLKRIEG,3.1.26.5
1NZ7,MEMEKEFEQIDKSGSWAAIYQDIRHEASDFPCRVAKLPKNKNRNRYRDVSPFDHSRIKLHQEDNDYINASLIKMEEAQRSYILTQGPLPNTCGHFWEMVWEQKSRGVVMLNRVMEKGSLKCAQYWPQKEEKEMIFEDTNLKLTLISEDIKSYYTVRQLELENLTTQETREILHFHYTTWPDFGVPESPASFLNFLFKVRESGSLSPEHGPVVVHCSAGIGRSGTFCLADTCLLLMDKRKDPSSVDIKKVLLEMRKFRMGLIQTADQLRFSYLAVIEGAKFIMGDSSVQDQWKELSHEDLEPPPEHIPPPPRPPKRILEPHN,3.1.3.48
1O59,MGSDKIHHHHHHMKFFSLADEAEFKSIIISKNKAVDVIGSKLGGQVVSFSDEWFASAENLIQPTAPIRDPTRFVHSGAWYDGWETRRHNEMEYDWVIIKMGVAAAHIIGGEIDTAFFNGNHAPFVSIEALYDEGEEGNIVEDDSRWVEIVEKFECGPSQRHLFVRGNGLTKERFTHIKLKMYPDGGIARFRLYGRVVPPELKTKDHIIDLAYVCNGAVALKYSDQHFGSVDNLLLPGRGHDMSDGWETKRSRQPGHTDWAVIQLGRESSFIEKIIVDTAHFRGNFPQFITVEGCLKESESSENTGEGTWVELVGKSKTGPDKEHVYEIRKSIRVSHVKLTIIPDGGVKRIRVWGY,3.5.3.4
1O6C,MKKLKVMTVFGTRPEAIKMAPLVLELKKYPEIDSYVTVTAQHRQMLDQVLDAFHIKPDFDLNIMKERQTLAEITSNALVRLDELFKDIKPDIVLVHGDTTTTFAGSLAAFYHQIAVGHVEAGLRTGNKYSPFPEELNRQMTGAIADLHFAPTGQAKDNLLKENKKADSIFVTGNTAIDALNTTVRDGYSHPVLDQVGEDKMILLTAHRRENLGEPMENMFKAIRRIVGEFEDVQVVYPVHLNPVVREAAHKHFGDSDRVHLIEPLEVIDFHNFAAKSHFILTDSGGVQEEAPSLGKPVLVLRDTTERPEGVEAGTLKLAGTDEENIYQLAKQLLTDPDEYKKMSQASNPYGDGEASRRIVEELLFHYGYRKEQPDSFTGKGSHHHHHH,5.1.3.14
1O7H,MMINIQEDKLVSAHDAEEILRFFNCHDSALQQEATTLLTQEAHLLDIQAYRAWLEHCVGSEVQYQVISRELRAASERRYKLNEAMNVYNENFQQLKVRVEHQLDPQNWGNSPKLRFTRFITNVQAAMDVNDKELLHIRSNVILHRARRGNQVDVFYAAREDKWKRGEGGVRKLVQRFVDYPERILQTHNLMVFL,1.14.12.12
1OG1,LTGPLMLDTAPNAFDDQYEGCVNKMEEKAPLLLQEDFNMNAKLKVAWEEAKKRWNNIKPSRSYPKGFNDFHGTALVAYTGSIAVDFNRAVREFKENPGQFHYKAFHYYLTRALQLLSNGDCHSVYRGTKTRFHYTGAGSVRFGQFTSSSLSKKVAQSQEFFSDHGTLFIIKTCLGVYIKEFSFRPDQEEVLIPGYEVYQKVRTQGYNEIFLDSPKRKKSNYNCLYS,3.2.2.5
1OGP,MPGIRGPSEYSQEPPRHPSLKVNAKEPFNAEPPRSALVSSYVTPVDLFYKRNHGPIPIVDHLQSYSVTLTGLIQNPRKLFIKDIRSLPKYNVTATLQCAGNRRTAMSKVRNVRGVGWDVSAIGNAVWGGAKLADVLELVGIPKLTASTNLGARHVEFVSVDRCKEENGGPYKASITLSQATNPEADVLLAYEMNGETLNRDHGFPLRVVVPGVIGARSVKWLDSINVIAEESQGFFMQKDYKMFPPSVNWDNINWSSRRPQMDFPVQSAICSVEDVQMVKPGKVSIKGYAVSGGGRGIERVDISLDGGKNWVEASRTQEPGKQYISEHSSSDKWAWVLFEATIDVSQTTEVIAKAVDSAANVQPENVESVWNLRGVLNTSWHRVLLRLGHSNL,1.8.3.1
1ON6,TNLLPNIKEDKMLTLRREIKSPSKSALDSFTLIMQTYNRTDLLLRLLNHYQAVPSLHKVIVVWNNVGEKGPEELWNSLGPHPIPVIFKPQTANKMRNRLQVFPEVETNAVLMVDDDTLISAQDLVFAFSIWQQFPDQIIGFVPRKHVSTSSGIYSYGGFELQTPGPGNGDQYSMVLIGASFFNSKYLELFQKQPAAVHALIDETQNCDDIAMNFLVTRHTGKPSGIFVKPINMVNLEKETNGYSGMWHRAEHFLQRSYCINKLVNIYDGMPLKYSNIMISQFGFPYANHKSKM,2.4.1.223
1ONH,TPVSEKQLAEVVANTVTPLMKAQSVPGMAVAVIYQGKPHYYTFGKADIAANKPVTPQTLFELGSISKTFTGVLGGDAIARGEISLDDPVTRYWPQLTGKQWQGIRMLDLATYTAGGLPLQVPDEVTDNASLLRFYQNWQPQWKPGTTRLYANASIGLFGALAVKPSGMPYEQAMTTRVLKPLKLDHTWINVPKAEEAHYAWGYRDGKAVRAVRVSPGMLDAQAYGVKTNVQDMANWVMANMAPENVADASLKQGIALAQSRYWRIGSMYQGLGWEMLNWPVEANTVVEGSDSKVALAPLPVAEVNPPAPPVKASWVHKTGSTGGFGSYVAFIPEKQIGIVMLANTSYPNPARVEAAYHILEALQ,3.5.2.6
1OPM,NECLGTIGPVTPLDASDFALDIRMPGVTPKESDTYFCMSMRLPVDEEAFVIDFKPRASMDTVHHMLLFGCNMPSSTGSYWFCDEGTCTDKANILYAWARNAPPTRLPKGVGFRVGGETGSKYFVLQVHYGDISAFRDNHKDCSGVSVHLTRVPQPLIAGMYLMMSVDTVIPPGEKVVNADISCQYKMYPMHVFAYRVHTHHLGKVVSGYRVRNGQWTLIGRQNPQLPQAFYPVEHPVDVTFGDILAARCVFTGEGRTEATHIGGTSSDEMCNLYIMYYMEAKYALSFMTCTKNVAPDMFRTIPAEANIPI,4.3.2.5
1OTW,HMLITDTLSPQAFEEALRAKGDFYHIHHPYHIAMHNGDATRKQIQGWVANRFYYQTTIPLKDAAIMANCPDAQTRRKWVQRILDHDGSHGEDGGIEAWLRLGEAVGLSRDDLLSERHVLPGVRFAVDAYLNFARRACWQEAACSSLTELFAPQIHQSRLDSWPQHYPWIKEEGYFYFRSRLSQANRDVEHGLALAKAYCDSAEKQNRMLEILQFKLDILWSMLDAMTMAYALQRPPYHTVTDKAAWHTTRLVLEH,1.3.3.11
1OXM,LPTSNPAQELEARQLGRTTRDDLINGNSASCADVIFIYARGSTETGNLGTLGPSIASNLESAFGKDGVWIQGVGGAYRATLGDNALPRGTSSAAIREMLGLFQQANTKCPDATLIAGGYSQGAALAAASIEDLDSAIRDKIAGTVLFGYTKNLQNRGRIPNYPADRTKVFCNTGDLVCTGSLIVAAPHLAYGPDARGPAPEFLIEKVRAVRGSA,3.1.1.74
1P4N,PVLNLNDPQAVERYEEFMRQSPYGQVTQDLGWAKVKNNWEPVDVYLEDDQGAIIAAMSMLLGDTPTDKKFAYASKGPVMDVTDVDLLDRLVDEAVKALDGRAYVLRFDPEVAYSDEFNTTLQDHGYVTRNRNVADAGMHATIQPRLNMVLDLTKFPDAKTTLDLYPSKTKSKIKRPFRDGVEVHSGNSATELDEFFKTYTTMAERHGITHRPIEYFQRMQAAFDADTMRIFVAEREGKLLSTGIALKYGRKIWYMYAGSMDGNTYYAPYAVQSEMIQWALDTNTDLYDLGGIESESTDDSLYVFKHVFVKDAPREYIGEIDKVLDPEVYAELVKD,2.3.2.10
1P5R,MTKPLDGINVLDFTHVQAGPACTQMMGFLGANVIKIERRGSGDMTRGWLQDKPNVDSLYFTMFNCNKRSIELDMKTPEGKELLEQMIKKADVMVENFGPGALDRMGFTWEYIQELNPRVILASVKGYAEGHANEHLKVYENVAQCSGGAAATTGFWDGPPTVSGAALGDSNSGMHLMIGILAALEMRHKTGRGQKVAVAMQDAVLNLVRIKLRDQQRLERTGILAEYPQAQPNFAFDRDGNPLSFDNITSVPRGGNAGGGGQPGWMLKCKGWETDADSYVYFTIAANMWPQICDMIDKPEWKDDPAYNTFEGRVDKLMDIFSFIETKFADKDKFEVTEWAAQYGIPCGPVMSMKELAHDPSLQKVGTVVEVVDEIRGNHLTVGAPFKFSGFQPEITRAPLLGEHTDEVLKELGLDDAKIKELHAKQVV,2.8.3.16
1P7M,MERCGWVSQDPLYIAYHDNEWGVPETDSKKLFEMICLEGQQAGLSWITVLKKRENYRACFHQFDPVKVAAMQEEDVERLVQDAGIIRHRGKIQAIIGNARAYLQMEQNGEPFADFVWSFVNHQPQMTQATTLSEIPTSTPASDALSKALKKRGFKFVGTTICYSFMQACGLVNDHVVGCCCYPGNKP,3.2.2.20
1PFK,MIKKIGVLTSGGDAPGMNAAIRGVVRSALTEGLEVMGIYDGYLGLYEDRMVQLDRYSVSDMINRGGTFLGSARFPEFRDENIRAVAIENLKKRGIDALVVIGGDGSYMGAMRLTEMGFPCIGLPGTIDNDIKGTDYTIGFFTALSTVVEAIDRLRDTSSSHQRISVVEVMGRYCGDLTLAAAIAGGCEFVVVPEVEFSREDLVNEIKAGIAKGKKHAIVAITEHMCDVDELAHFIEKETGRETRATVLGHIQRGGSPVPYDRILASRMGAYAIDLLLAGYGGRCVGIQNEQLVHHDIIDAIENMKRPFKGDWLDCAKKLY,2.7.1.11
1PKK,MILSDKDIIDYVTSKRIIIKPFNKDFVGPCSYDVTLGDEFIIYDDEVYDLSKELNYKRIKIKNSILVCPLNYNLTEEKINYFKEKYNVDYVVEGGVLGTTNEYIELPNDISAQYQGRSSLGRVFLTSHQTAGWIDAGFKGKITLEIVAFDKPVILYKNQRIGQLIFSKLLSPADVGYSERKTSKYAYQKSVMPSLIHLDNHKKD,3.5.4.30
1PLO,VTDNAGAVKFPQLCKFCDVRFSTCDNQKSCMSNCSITSICEKPQEVCVAVWRKNDENITLETVCHDPKLPYHDFILEDAASPKCIMKEKKKPGETFFMCSCSSDECNDNIIFSEEYNTSNPD,2.7.11.30
1X82,MMYKEPFGVKVDFETGIIEGAKKSVRRLSDMEGYFVDERAWKELVEKEDPVVYEVYAVEQEEKEGDLNFATTVLYPGKVGKEFFFTKGHFHAKLDRAEVYVALKGKGGMLLQTPEGDAKWISMEPGTVVYVPPYWAHRTVNIGDEPFIFLAIYPADAGHDYGTIAEKGFSKIVIEENGEVKVVDNPRWKK,5.3.1.9
1PNF,APADNTVNIKTFDKVKNAFGDGLSQSAEGTFTFPADVTTVKTIKMFIKNECPNKTCDEWDRYANVYVKNKTTGEWYEIGRFITPYWVGTEKLPRGLEIDVTDFKSLLSGNTELKIYTETWLAKGREYSVDFDIVYGTPDYKYSAVVPVIQYNKSSIDGVPYGKAHTLGLKKNIQLPTNTEKAYLRTTISGWGHAKPYDAGSRGCAEWCFRTHTIAINNANTFQHQLGALGCSANPINNQSPGNWAPDRAGWCPGMAVPTRIDVLNNSLTGSTFSYEYKFQSWTNNGTNGDAFYAISSFVIAKSNTPISAPVVTN,3.5.1.52
1QCS,GSHNMAGRSMQAARCPTDELSLSNCAVVSEKDYQSGQHVIVRTSPNHKYIFTLRTHPSVVPGSVAFSLPQRKWAGLSIGQEIEVALYSFDKAKQCIGTMTIEIDFLQKKNIDSNPYDTDKMAAEFIQQFNNQAFSVGQQLVFSFNDKLFGLLVKDIEAMDPSILKGEPASGKRQKIEVGLVVGNSQVAFEKAENSSLNLIGKAKTKENRLE,3.6.4.6
1QD6,FTLYPYDTNYLIYTQTSDLNKEAIASYDWAENARKDEVKFQLSLAFPLWRGILGPNSVLGASYTQKSWWQLSNSEESSPFRETNYEPQLFLGFATDYRFAGWTLRDVEMGYNHDSNGRSDPTSRSWNRLYTRLMAENGNWLVEVKPWYVVGNTDDNPDITKYMGYYQLKIGYHLGDAVLSAKGQYNWNTGYGGAELGLSYPITKHVRLYTQVYSGYGESLIDYNFNQTRVGVGVMLNDLF,3.1.1.4
1QEZ,MKLSPGKNAPDVVNVLVEIPQGSNIKYEYDDEEGVIKVDRVLYTSMNYPFNYGFIPGTLEEDGDPLDVLVITNYQLYPGSVIEVRPIGILYMKDEEGEDAKIVAVPKDKTDPSFSNIKDINDLPQATKNKIVHFFEHYKELEPGKYVKISGWGSATEAKNRIQLAIKRVSGGQ,3.6.1.1
1QGO,MKKALLVVSFGTSYHDTCEKNIVACERDLAASCPDRDLFRAFTSGMIIRKLRQRDGIDIDTPLQALQKLAAQGYQDVAIQSLHIINGDEYEKIVREVQLLRPLFTRLTLGVPLLSSHNDYVQLMQALRQQMPSLRQTEKVVFMGHGASHHAFAAYACLDHMMTAQRFPARVGAVESYPEVDILIDSLRDEGVTGVHLMPLMLVAGDHAINDMASDDGDSWKMRFNAAGIPATPWLSGLGENPAIRAMFVAHLHQALNMAVEEAA,4.99.1.3
1QJI,AAILGDEYLWSGGVIPYTFAGVSGADQSAILSGMQELEEKTCIRFVPRTTESDYVEIFTSGSGCWSYVGRISGAQQVSLQANGCVYHGTIIHELMHAIGFYHEHTRMDRDNYVTINYQNVDPSMTSNFDIDTYSRYVGEDYQYYSIMHYGKYSFSIQWGVLETIVPLQNGIDLTDPYDKAHMLQTDANQINNLYTNECSL,3.4.24.21
1QLE,AHVKNHDYQILPPSIWPFFGAIGAFVMLTGAVAWMKGITFFGLPVEGPWMFLIGLVGVLYVMFGWWADVVNEGETGEHTPVVRIGLQYGFILFIMSEVMFFVAWFWAFIKNALYPMGPDSPIKDGVWPPEGIVTFDPWHLPLINTLILLLSGVAVTWAHHAFVLEGDRKTTINGLIVAVILGVCFTGLQAYEYSHAAFGLADTVYAGAFYMATGFHGAHVIIGTIFLFVCLIRLLKGQMTQKQHVGFEAAAWYWHFVDVVWLFLFVVIYIWGR,7.1.1.9
1QMH,MVKRMIALDGAQGEGGGQILRSALSLSMITGQPFTITSIRAGRAKPGLLRQHLTAVKAATEICGATVEGAELGSQRLLFRPGTVRGGDYRFAIGSAGSCTLVLQTVLPALWFADGPSRVEVSGGTDNPSAPPADFIRRVLEPLLAKIGIHQQTTLLRHGFYPAGGGVVATEVSPVASFNTLQLGERGNIVQMRGEVLLAGVPRHVAEREIATLAGSFSLHEQNIHNLPRDQGPGNTVSLEVESENITERFFVVGEKRVSAEVVAAQLVKEVKRYLASTAAVGEYLADQLVLPMALAGAGEFTVAHPSCHLLTNIAVVERFLPVRFSLIETDGVTRVSIEGSHHHHHH,6.5.1.4
1QR7,MNYQNDDLRIKEIKELLPPVALLEKFPATENAANTVAHARKAIHKILKGNDDRLLVVIGPCSIHDPVAAKEYATRLLALREELKDELEIVMRVYFEKPRTTVGWKGLINDPHMDNSFQINDGLRIARKLLLDINDSGLPAAGEFLDMITPQYLADLMSWGAIGARTTESQVHRELASGLSCPVGFKNGTDGTIKVAIDAINAAGAPHCFLSVTKWGHSAIVNTSGNGDCHIILRGGKEPNYSAKHVAEVKEGLNKAGLPAQVMIDFSHANSSKQFKKQMDVCADVCQQIAGGEKAIIGVMVESHLVEGNQSLESGEPLAYGKSITDACIGWEDTDALLRQLANAVKARRG,2.5.1.54
1QWY,AETTNTQQAHTQMSTQSQDVSYGTYYTIDSNGDYHHTPDGNWNQAMFDNKEYSYTFVDAQGHTHYFYNCYPKNANANGSGQTYVNPATAGDNNDYTASQSQQHINQYGYQSNVGPDASYYSHSNNNQAYNSHDGNGKVNYPNGTSNQNGGSASKATASGHAKDASWLTSRKQLQPYGQYHGGGAHYGVDYAMPENSPVYSLTDGTVVQAGWSNYGGGNQVTIKEANSNNYQWYMHNNRLTVSAGDKVKAGDQIAYSGSTGNSTAPHVHFQRMSGGIGNQYAVDPTSYLQSR,3.4.24.75
1R47,LDNGLARTPTMGWLHWERFMCNLDCQEEPDSCISEKLFMEMAELMVSEGWKDAGYEYLCIDDCWMAPQRDSEGRLQADPQRFPHGIRQLANYVHSKGLKLGIYADVGNKTCAGFPGSFGYYDIDAQTFADWGVDLLKFDGCYCDSLENLADGYKHMSLALNRTGRSIVYSCEWPLYMWPFQKPNYTEIRQYCNHWRNFADIDDSWKSIKSILDWTSFNQERIVDVAGPGGWNDPDMLVIGNFGLSWNQQVTQMALWAIMAAPLFMSNDLRHISPQAKALLQDKDVIAINQDPLGKQGYQLRQGDNFEVWERPLSGLAWAVAMINRQEIGGPRSYTIAVASLGKGVACNPACFITQLLPVKRKLGFYEWTSRLRSHINPTGTVLLQLENTMQMSLKDLL,3.2.1.22
1R8K,MSSAQRVVITPGEPAGSGPDLVVQLAQRAWPIELVVCADGALLTERAAMLGLPLSLLPYSPDVPAAPQPAGTLTLLPVSLRAPAISGQLTVENGPYVVETLARACDGCLNGEFAALITGPVHKGVINDAGISFTGHTEFFEERSQAKKVVMMLATEELRVALATTHLPLRAIADAITPALLHEVIAILHHDLRTKFGIAEPRILVCGLNPHAGEGGHMGTEEIDTIIPVLDELRAQGMKLNGPLPADTLFQPKYLDNADAVLAMYHDQGLPVLKYQGFGRGVNITLGLPFIRTSVDHGTALELAGRGKADVGSFITALNLAIKMIVNTQ,1.1.1.262
1RDS,ESCEYTCGSTCYWSSDVSAAKAKGYSLYESGDTIDDYPHEYHDYEGFDFPVSGTYYEYPIMSDYDVYTGGSPGADRVIFNGDDELAGVITHTGASGDDFVACSSS,4.6.1.24
1RHY,MSERIASVERTTSETHISCTIDLDHIPGVTEQKINVSTGIGFLDHMFTALAKHGGMSLQLQCKGDLHIDDHHTAEDCALALGEAFKKALGERKGIKRYGYAYAPLDESLSRAVIDISSRPYFMCHLPFTREKVGDLSTEMVSHLLQSFAFAAGVTLHIDSIRGENNHHIAESAFKALALAIRMAISRTGGDDVPSTKGVLAL,4.2.1.19
1RI1,MDSSSPLKTFRKDQAMEGKKEEIREHYNSIRERGRESRQRSKTINIRNANNFIKACLIRLYTKRGDSVLDLGCGKGGDLLKYERAGIGEYYGVDIAEVSINDARVRARNMKRRFKVFFRAQDSYGRHMDLGKEFDVISSQFSFHYAFSTSESLDIAQRNIARHLRPGGYFIMTVPSRDVILERYKQGRMSNDFYKIELEKMEDVPMESVREYRFTLLDSVNNCIEYFVDFTRMVDGFKRLGLSLVERKGFIDFYEDEGRRNPELSKKMGLGCLTREESEVVGIYEVVVFRKLVPESDA,2.1.1.56
1RN8,MMKKIDVKILDPRVGKEFPLPTYATSGSAGLDLRACLNDAVELAPGDTTLVPTGLAIHIADPSLAAMMLPRSGLGHKHGIVLGNLVGLIDSDYQGQLMISVWNRGQDSFTIQPGERIAQMIFVPVVQAEFNLVEDFDATDRGEGGFGHSGRQ,3.6.1.23
1ROZ,MEGSLEREAPAGALAAVLKHSSTLPPESTQVRGYDFNRGVNYRALLEAFGTTGFQATNFGRAVQQVNAMIEKKLEPLSQDEDQHADLTQSRRPLTSCTIFLGYTSNLISSGIRETIRYLVQHNMVDVLVTTAGGVEEDLIKCLAPTYLGEFSLRGKELRENGINRIGNLLVPNENYCKFEDWLMPILDQMVMEQNTEGVKWTPSKMIARLGKEINNPESVYYWAQKNHIPVFSPALTDGSLGDMIFFHSYKNPGLVLDIVEDLRLINTQAIFAKCTGMIILGGGVVKHHIANANLMRNGADYAVYINTAQEFDGSDSGARPDEAVSWGKIRVDAQPVKVYADASLVFPLLVAETFAQKMDAFMHEKNED,2.5.1.46
1RSD,MQDTIFLKGMRFYGYHGALSAENEIGQIFKVDVTLKVDLSEAGRTDNVIDTVHYGEVFEEVKSIMEGKAVNLLEHLAERIANRINSQYNRVMETKVRITKENPPIPGHYDGVGIEIVRENK,5.1.99.8
1SBY,MDLTNKNVIFVAALGGIGLDTSRELVKRNLKNFVILDRVENPTALAELKAINPKVNITFHTYDVTVPVAESKKLLKKIFDQLKTVDILINGAGILDDHQIERTIAINFTGLVNTTTAILDFWDKRKGGPGGIIANICSVTGFNAIHQVPVYSASKAAVVSFTNSLAKLAPITGVTAYSINPGITRTPLVHTFNSWLDVEPRVAELLLSHPTQTSEQCGQNFVKAIEANKNGAIWKLDLGTLEAIEWTKHWDSHI,1.1.1.1
1SGC,IAGGEAITTGGSRCSLGFNVSVNGVAHALTAGHCTNISASWSIGTRTGTSFPNNDYGIIRHSNPAAADGRVYLYNGSYQDITTAGNAFVGQAVQRSGSTTGLRSGSVTGLNATVNYGSSGIVYGMIQTNVCAQPGDSGGSLFAGSTALGLTSGGSGNCRTGGTTFYQPVTEALSAYGATVL,3.4.21.80
1SQE,HMFMAENRLQLQKGSAEETIERFYNRQGIETIEGFQQMFVTKTLNTEDTDEVKILTIWESEDSFNNWLNSDVFKEAHKNVRLKSDDDGQQSPILSNKVFKYDIGYHYQK,1.14.99.48
1SQF,MKKQRNLRSMAAQAVEQVVEQGQSLSNILPPLQQKVSDKDKALLQELCFGVLRTLSQLDWLINKLMARPMTGKQRTVHYLIMVGLYQLLYTRIPPHAALAETVEGAIAIKRPQLKGLINGVLRQFQRQQEELLAEFNASDARYLHPSWLLKRLQKAYPEQWQSIVEANNQRPPMWLRINRTHHSRDSWLALLDEAGMKGFPHADYPDAVRLETPAPVHALPGFEDGWVTVQDASAQGCMTWLAPQNGEHILDLCAAPGGKTTHILEVAPEAQVVAVDIDEQRLSRVYDNLKRLGMKATVKQGDGRYPSQWCGEQQFDRILLDAPCSATGVIRRHPDIKWLRRDRDIPELAQLQSEILDAIWPHLKTGGTLVYATCSVLPEENSLQIKAFLQRTADAELCETGTPEQPGKQNLPGAEEGDGFFYAKLIKK,2.1.1.176
1STH,ATSTKKLHKEPATLIKAIDGDTVKLMYKGQPMTFRLLLVDTPETKHPKKGVEKYGPEASAFTKKMVENAKKIEVEFDKGQRTDKYGRGLAYIYADGKMVNEALVRQGLAKVAYVYKPNNTHEQHLRKSEAQAKKEKLNIWSEDNADSGQ,3.1.31.1
1T3W,AAESGVSRPVPQLKRTTMRILIGLLVQNPELATLVPPLENLDENKLPGLGLFRELVNTCLSQPGLTTGQLLEHYRGTNNAATLEKLSMWDDIADKNIAEQTFTDSLNHMFDSLLELRQEELIARERTHGLSNEERLELWTLNQELAKK,2.7.7.101
1T6U,HCDLPCGVYDPAQARIEAESVKAVQEKMAGNDDPHFQTRATVIKEQRAELAKHHVSVLWSDYFKPPHFEKYPELHQLVNDTLKAMSAAKGSKDPATGQKALDYIAQIDKIFWETKKA,1.15.1.1
1THE,FSEDINLPESFDAREQWSNCPTIAQIRDQGSCGSCWAFGAVEAMSDRICIHTNGRVNVEVSAEDLLTCCGIQCGDGCNGGYPSGAWNFWTRKGLVSGGVYNSHIGCLPYTIPPCEHHVNGARPPCTGEGDTPKCNKMCEAGYSTSYKEDKHYGYTSYSVSDSEKEIMAEIYKNGPVEGAFTVFSDFLTYKSGVYKHEAGDVMGGHAIRILGWGIENGVPYWLVANSWNADWGDNGFFKILRGENHCGIESEIVAGIPRTQ,3.4.22.1
1TJW,MASEARGDKLWGGRFSGSTDPIMEKLNSSIAYDQRLSEVDIQGSMAYAKALEKAGILTKTELEKILSGLEKISEEWSKGVFVVKQSDEDIHTANERRLKELIGDIAGKLHTGRSRNDQVVTDLKLFMKNSLSIISTHLLQLIKTLVERAAIEIDVILPGYDHLQKAQPIRWSQFLLSHAVALTRDSERLGEVKKRINVLPLGSGALAGNPLDIDREMLRSELEFASISLNSMDAISERDFVVEFLSFATLLMIHLSKMAEDLIIYSTSEFGFLTLSDAFSTGSSLMPQKKNPDSLELIRSKAGRVFGRLASILMVLKGLPSTYNKDLQEDKEAVFDVVDTLTAVLQVATGVISTLQISKENMEKALTPEMLATDLALYLVRKGVPFRQAHTASGKAVHLAETKGITINKLSLEDLKSISPQFSSDVSQVFNFVNSVEQYTALAGTAKSSVTTQIEQLRELMKKQKEQAHHHHHH,4.3.2.1
1TKU,MTNIFTPIEEALEAYKNGEFLIVMDDEDRENEGDLIMAAELITQEKMAFLVRYSSGYVCVPLSEERANQLELPPMLANRSDRHGTAYTITCDFAEGTTTGISAHDRALTTRSLANPNSKPQDFIKPGHILPLRAVPGLLKKRRGHTEAAVQLSTLAGLQPAGVICELVRDEDGLMMRLDDCIQFGKKHGIKIININQLVEYISK,4.1.99.12
1TS9,MRGRLQGVELIARDWIGLMVEVVESPNHSEVGIKGEVVDETQNTLKIMTEKGLKVVAKRGRTFRVWYKGKIMRIKGDLINFRPEDRIKRGLMMLKRAKGVWI,3.1.26.5
1U72,VGSLNCIVAVSQNMGIGKNGDLPWPPLRNEFRYFQRMTTTSSVEGKQNLVIMGKKTWFSIPEKNRPLKGRINLVLSRELKEPPQGAHFLSRSLDDALKLTEQPELANKVDMVWIVGGSSVYKEAMNHPGHLKLFVTRIMQDFESDTFFPEIDLEKYKLLPEYPGVLSDVQEEKGIKYKFEVYEKND,1.5.1.3
1U7Z,SPVNDLKHLNIMITAGPTREPLDPVRYISDHSSGKMGFAIAAAAARRGANVTLVSGPVSLPTPPFVKRVDVMTALEMEAAVNASVQQQNIFIGCAAVADYRAATVAPEKIKKQATQGDELTIKMVKNPDIVAGVAALKDHRPYVVGFAAETNNVEEYARQKRIRKNLDLICANDVSQPTQGFNSDNNALHLFWQDGDKVLPLERKELLGQLLLDEIVTRYDEKNRR,4.1.1.36
1UAI,AEPCDYPAQQLDLTDWKVTLPIGSSGKPSEIEQPALDTFATAPWFQVNAKCTGVQFRAAVNGVTTSGSGYPRSELREMTDGGEEKASWSATSGTHTMVFREAFNHLPEVKPHLVGAQIHDGDDDVTVFRLEGTSLYITKGDDTHHKLVTSDYKLNTVFEGKFVVSGGKIKVYYNGVLQTTISHTSSGNYFKAGAYTQANCSNSSPCSSSNYGQVSLYKLQVTHS,4.2.2.11
1UJK,MEPAMEPETLEARINRATNPLNKELDWASINGFCEQLNEDFEGPPLATRLLAHKIQSPQEWEAIQALTVLETCMKSCGKRFHDEVGKFRFLNELIKVVSPKYLGSRTSEKVKNKILELLYSWTVGLPEEVKIAEAYQMLKKQGIVKS,3.4.23.-
1UMY,MAPIAGKKAKRGILERLNAGEVVIGDGGFVFALEKRGYVKAGPWTPEAAVEHPEAVRQLHREFLRAGSNVMQTFTFYASEDKLENRGNYVAEKISGQKVNEAACDIARQVADEGDALVAGGVSQTPSYLSCKSETEVKKIFHQQLEVFMKKNVDFLIAEYFEHVEEAVWAVEALKTSGKPIAATMCIGPEGDLHGVSPGECAVRLVKAGAAIVGVNCHFDPSTSLQTIKLMKEGLEAARLKAYLMSQPLAYHTPDCGKQGFIDLPEFPFGLEPRVATRWDIQKYAREAYNLGVRYIGGCCGFEPYHIRAIAEELAPERGFLPPASEKHGSWGSGLDMHTKPWIRARARKEYWQNLRIASGRPYNPSMSKPDAWGVTKGAAELMQQKEATTEQQLRALFEKQKFKSAQ,2.1.1.5
1V0Y,ADSATPHLDAVEQTLRQVSPGLEGDVWERTSGNKLDGSAADPSDWLLQTPGCWGDDKCADRVGTKRLLAKMTENIGNATRTVDISTLAPFPNGAFQDAIVAGLKESAAKGNKLKVRILVGAAPVYHMNVIPSKYRDELTAKLGKAAENITLNVASMTTSKTAFSWNHSKILVVDGQSALTGGINSWKDDYLDTTHPVSDVDLALTGPAAGSAGRYLDTLWTWTCQNKSNIASVWFAASGNAGCMPTMHKDTNPKASPATGNVPVIAVGGLGVGIKDVDPKSTFRPDLPTASDTKCVVGLHDNTNADRDYDTVNPEESALRALVASAKGHIEISQQDLNATCPPLPRYDIRLYDALAAKMAAGVKVRIVVSDPANRGAVGSGGYSQIKSLSEISDTLRNRLANITGGQQAAKTAMCSNLQLATFRSSPNGKWADGHPYAQHHKLVSVDSSTFYIGSKNLYPSWLQDFGYIVESPEAAKQLDAKLLDPQWKYSQETATVDYARGICNA,3.1.4.4
1V7L,MITTGKVWKFGDDISTDEITPGRYNLTKDPKELAKIAFIEVRPDFARNVRPGDVVVAGKNFGIGSSRESAALALKALGIAGVIAESFGRIFYRNAINIGIPLLLGKTEGLKDGDLVTVNWETGEVRKGDEILMFEPLEDFLLEIVREGGILEYIRRRGDLCIR,4.2.1.33
1V83,ALPTIHVVTPTYSRPVQKAELTRMANTLLHVPNLHWLVVEDAPRRTPLTARLLRDTGLNYTHLHVETPRNYKLRGDARDPRIPRGTMQRNLALRWLRETFPRNSSQPGVVYFADDDNTYSLELFEEMRSTRRVSVWPVAFVGGLRYEAPRVNGAGKVVRWKTVFDPHRPFAIDMAGFAVNLRLILQRSQAYFKLRGVKGGYQESSLLRELVTLNDLEPKAANCTKILVWHTRTEKPVLVNEGKKGFTDPSVEI,2.4.1.135
2ISB,MGSDKIHHHHHHMVMEYELRTPLVKDQILKLKVGDVVYITGEIFTARDEAHARALEWMEEGKELPFSFDKGVVYHCGPLVKKNDEWRVVSAGPTTSARMNPFTPKILEKVECMGIIGKGGMSEEVVEAMRGKAAYFAFTGGAGALAAMSIKKVKGVVWEDLGMPEAVWLLEVERFGPCIVAIDAHGNSLYRR,4.2.1.2
1VPT,GSPGISGGGGGILDSMDVVSLDKPFMYFEEIDNELDYEPESANEVAKKLPYQGQLKLLLGELFFLSKLQRHGILDGATVVYIGSAPGTHIRYLRDHFYNLGVIIKWMLIDGRHHDPILNGLRDVTLVTRFVDEEYLRSIKKQLHPSKIILISDVASAAGGNEPSTADLLSNYALQNVMISILNPVASSLKWRCPFPDQWIKDFYIPHGNKMLQPFAPSYSAEMRLLSIYTGENMRLTRVTKSDAVNYEKKMYYLNKIVRNKVVVNFDYPNQEYDYFHMYFMLRTVYCNKTFPTTKAKVLFLQQSIFRFLNIPTTSTEKVSHEPIQRKISSKNSMSKNRNSKRSVRSNK,2.1.1.57
1VR7,MGSDKIHHHHHHMKSLGRHLVAEFYECDREVLDNVQLIEQEMKQAAYESGATIVTSTFHRFLPYGVSGVVVISESHLTIHTWPEYGYAAIDLFTCGEDVDPWKAFEHLKKALKAKRVHVVEHERGRYDEIGIPEDSPHKAAV,4.1.1.50
1W6V,MGSSHHHHHHSSGLVPRGSHMMAEGGAADLDTQRSDIATLLKTSLRKGDTWYLVDSRWFKQWKKYVGFDSWDKYQMGDQNVYPGPIDNSGLLKDGDAQSLKEHLIDELDYILLPTEGWNKLVSWYTLMEGQEPIARKVVEQ,3.4.19.12
1WN2,MIKMFKYKQVIVARADLKLSKGKLAAQVAHGAVTAAFEAYKKKREWFEAWFREGQKKVVVKVESEEELFKLKAEAEKLGLPNALIRDAGLTEIPPGTVTVLAVGPAPEEIVDKVTGNLKLL,3.1.1.29
1WOP,MKRTPLFEKHVELGAKMVDFAGWEMPLYYTSIFEEVMAVRKSVGMFDVSHMGEFLVKGPEAVSFIDFLITNDFSSLPDGKAIYSVMCNENGGIIDDLVVYKVSPDEALMVVNAANIEKDFNWIKSHSKNFDVEVSNISDTTALIAFQGPKAQETLQELVEDGLEEIAYYSFRKSIVAGVETLVSRTGYTGEDGFELMLEAKNAPKVWDALMNLLRKIDGRPAGLGARDVCRLEATYLLYGQDMDENTNPFEVGLSWVVKLNKDFVGKEALLKAKEKVERKLVALELSGKRIARKGYEVLKNGERVGEITSGNFSPTLGKSIALALVSKSVKIGDQLGVVFPGGKLVEALVVKKPFYRGSVRREV,2.1.2.10
1WXC,MTVRKNQATLTADEKRRFVAAVLELKRSGRYDEFVRTHNEFIMSDTDSGERTGHRSPSFLPWHRRFLLDFEQALQSVDSSVTLPYWDWSADRTVRASLWAPDFLGGTGRSTDGRVMDGPFAASTGNWPINVRVDSRTYLRRSLGGSVAELPTRAEVESVLAISAYDLPPYNSASEGFRNHLEGWRGVNLHNRVHVWVGGQMATGVSPNDPVFWLHHAYVDKLWAEWQRRHPDSAYVPTGGTPDVVDLNETMKPWNTVRPADLLDHTAYYTFDALEHHHHHH,1.14.18.1
1X55,MIEKVYCQEVKPELDGKKVRLAGWVYTNMRVGKKIFLWIRDSTGIVQAVVAKNVVGEETFEKAKKLGRESSVIVEGIVKADERAPGGAEVHVEKLEVIQAVSEFPIPENPEQASPELLLDYRHLHIRTPKASAIMKVKETLIMAAREWLLKDGWHEVFPPILVTGAVEGGATLFKLKYFDKYAYLSQSAQLYLEAAIFGLEKVWSLTPSFRAEKSRTRRHLTEFWHLELEAAWMDLWDIMKVEEELVSYMVQRTLELRKKEIEMFRDDLTTLKNTEPPFPRISYDEAIDILQSKGVNVEWGDDLGADEERVLTEEFDRPFFVYGYPKHIKAFYMKEDPNDPRKVLASDMLAPEGYGEIIGGSQREDDYDKLLNRILEEGMDPKDYEWYLDLRRYGSVPHSGFGLGVERLVAWVLKLDHIRWAALFPRTPARLYP,6.1.1.22
2A29,MGHHHHHHHHHHSSGHGGRHNRQASEFIPAQGVDEKTLADAAQLASLADETPEGRSIVILAKQRFNLRERDVQSLHATFVPFTAQSRMSGINIDNRMIRKGSVDAIRRHVEANGGHFPTDVDQKVDQVARQGATPLVVVEGSRVLGVIALKDIVKG,7.2.2.6
1X6U,MKQKVVSIGDINVANDLPFVLFGGMNVLESRDLAMRICEHYVTVTQKLGIPYVFKASFDKANRSSIHSYRGPGLEEGMKIFQELKQTFGVKIITDVHEPSQAQPVADVVDVIQLPAFLARQTDLVEAMAKTGAVINVKKPQFVSPGQMGNIVDKFKEGGNEKVILCDRGANFGYDNLVVDMLGFSIMKKVSGNSPVIFDVTHALQCRDPFGAASGGRRAQVAELARAGMAVGLAGLFIEAHPDPEHAKCDGPSALPLAKLEPFLKQMKAIDDLVKGFEELDTSK,2.5.1.55
1XCO,GGGGGGMADLFSTVQEKVAGKDVKIVFPEGLDERILEAVSKLAGNKVLNPIVIGNENEIQAKAKELNLTLGGVKIYDPHTYEGMEDLVQAFVERRKGKATEEQARKALLDENYFGTMLVYKGLADGLVSGAAHSTADTVRPALQIIKTKEGVKKTSGVFIMARGEEQYVFADCAINIAPDSQDLAEIAIESANTAKMFDIEPRVAMLSFSTKGSAKSDETEKVADAVKIAKEKAPELTLDGEFQFDAAFVPSVAEKKAPDSEIKGDANVFVFPSLEAGNIGYKIAQRLGNFEAVGPILQGLNMPVNDLSRGCNAEDVYNLALITAAQAL,2.3.1.8
1XNY,MSEPEEQQPDIHTTAGKLADLRRRIEEATHAGSARAVEKQHAKGKLTARERIDLLLDEGSFVELDEFARHRSTNFGLDANRPYGDGVVTGYGTVDGRPVAVFSQDFTVFGGALGEVYGQKIVKVMDFALKTGCPVVGINDSGGARIQEGVASLGAYGEIFRRNTHASGVIPQISLVVGPCAGGAVYSPAITDFTVMVDQTSHMFITGPDVIKTVTGEDVGFEELGGARTHNSTSGVAHHMAGDEKDAVEYVKQLLSYLPSNNLSEPPAFPEEADLAVTDEDAELDTIVPDSANQPYDMHSVIEHVLDDAEFFETQPLFAPNILTGFGRVEGRPVGIVANQPMQFAGCLDITASEKAARFVRTCDAFNVPVLTFVDVPGFLPGVDQEHDGIIRRGAKLIFAYAEATVPLITVITRKAFGGAYDVMGSKHLGADLNLAWPTAQIAVMGAQGAVNILHRRTIADAGDDAEATRARLIQEYEDALLNPYTAAERGYVDAVIMPSDTRRHIVRGLRQLRTKRESLPPKKHGNIPL,6.4.1.3
1XTB,MAALTRNPQFQKLQQWHREHGSELNLRHLFDTDKERFNHFSLTLNTNHGHILLDYSKNLVTEEVMHMLLDLAKSRGVEAARESMFNGEKINSTEDRAVLHVALRNRSNTPIVVDGKDVMPEVNKVLDKMKAFCQRVRSGDWKGYTGKTITDVINIGIGGSDLGPLMVTEALKPYSSGGPRVWFVSNIDGTHIAKTLACLNPESSLFIIASKTFTTQETITNAKTAKDWFLLSAKDPSTVAKHFVALSTNTAKVKEFGIDPQNMFEFWDWVGGRYSLWSAIGLSIALHVGFDNFEQLLSGAHWMDQHFRTTPLEKNAPVLLAMLGIWYINCFGCETQAVLPYDQYLHRFAAYFQQGDMESNGKYITKSGARVDHQTGPIVWGEPGTNGQHAFYQLIHQGTKMIPCDFLIPVQTQHPIRKGLHHKILLANFLAQTEALMKGKSTEEARKELQAAGKSPEDLMKLLPHKVFEGNRPTNSIVFTKLTPFILGALIAMYEHKIFVQGVVWDINSFDQWGVELGKQLAKKIEPELDGSSPVTSHDSSTNGLINFIKQQREAKIQ,5.3.1.9
1Y44,MELLFLGTGAGIPAKARNVTSVALKLLEERRSVWLFDCGEATQHQMLHTTIKPRKIEKIFITHMHGDHVYGLPGLLGSRSFQGGEDELTVYGPKGIKAFIETSLAVTKTHLTYPLAIQEIEEGIVFEDDQFIVTAVSVIHGVEAFGYRVQEKDVPGSLKADVLKEMNIPPGPVYQKIKKGETVTLEDGRIINGNDFLEPPKKGRSVVFSGDTRVSDKLKELARDCDVMVHEATFAKEDRKLAYDYYHSTTEQAAVTAKEARAKQLILTHISARYQGDASLELQKEAVDVFPNSVAAYDFLEVNVPRGKLAAALEHHHHHH,3.1.26.11
1Y5N,MQFLNMFFFDIYPYIAGAVFLIGSWLRYDYGQYTWRAASSQMLDRKGMNLASNLFHIGILGIFVGHFFGMLTPHWMYEAWLPIEVAQKMAMFAGGASGVLCLIGGVLLLKRRLFSPRVRATTTGADILILSLLVIQCALGLLTIPFSAQHMDGSEMMKLVGWAQSVVTFHGGASQHLDGVAFIFRLHLVLGMTLFLLFPFSRLIHIWSVPVEYLTRKYQLVRARH,1.7.5.1
1Y8Z,GATACTUAGATAG,2.4.1.26
1YBU,MRGSHHHHHHGSAERMLATIMFTDIVGSTQHAAALGDDRWRDLLDNHDTIVCHEIQRFGGREVNTAGDGFVATFTSPSAAIACADDIVDAVAALGIEVRIGIHAGEVEVRDASHGTDVAGVAVHIGARVCALAGPSEVLVSSTVRDIVAGSRHRFAERGEQELKGVPGRWRLCVLMRDDATRTR,4.6.1.1
1YDY,MKLTLKNLSMAIMMSTIVMGSSAMAADSNEKIVIAHRGASGYLPEHTLPAKAMAYAQGADYLEQDLVMTKDDNLVVLHDHYLDRVTDVADRFPDRARKDGRYYAIDFTLDEIKSLKFTEGFDIENGKKVQTYPGRFPMGKSDFRVHTFEEEIEFVQGLNHSTGKNIGIYPEIKAPWFHHQEGKDIAAKTLEVLKKYGYTGKDDKVYLQCFDADELKRIKNELEPKMGMELNLVQLIAYTDWNETQQKQPDGSWVNYNYDWMFKPGAMKQVAEYADGIGPDYHMLIEETSQPGNIKLTGMVQDAQQNKLVVHPYTVRSDKLPEYTPDVNQLYDALYNKAGVNGLFTDFPDKAVKFLN,3.1.4.46
1YLE,GHMLVMRPAQAADLPQVQRLAADSPVGVTSLPDDAERLRDKILASEASFAAEVSYNGEESYFFVLEDSASGELVGCSAIVASAGFSEPFYSFRNETFVHASRSLSIHNKIHVLSLCHDLTGNSLLTSFYVQRDLVQSVYAELNSRGRLLFMASHPERFADAVVVEIVGYSDEQGESPFWNAVGRNFFDLNYIEAEKLSGLKSRTFLAELMPHYPIYVPLLPDAAQESMGQVHPRAQITFDILMREGFETDNYIDIFDGGPTLHARTSGIRSIAQSRVVPVKIGEAPKSGRPYLVTNGQLQDFRAVVLDLDWAPGKPVALSVEAAEALGVGEGASVRLVAVGS,2.3.1.109
1YRT,MQQSHQAGYANAADRESGIPAAVLDGIKAVAKEKNATLMFRLVNPHSTSLIAEGVATKGLGVHAKSSDWGLQAGYIPVNPNLSKLFGRAPEVIARADNDVNSSLAHGHTAVDLTLSKERLDYLRQAGLVTGMADGVVASNHAGYEQFEFRVKETSDGRYAVQYRRKGGDDFEAVKVIGNAAGIPLTADIDMFAIMPHLSNFRDSARSSVTSGDSVTDYLARTRRAASEATGGLDRERIDLLWKIARAGARSAVGTEARRQFRYDGDMNIGVITDFELEVRNALNRRAHAVGAQDVVQHGTEQNNPFPEADEKIFVVSATGESQMLTRGQLKEYIGQQRGEGYVFYENRAYGVAGKSLFDDGLGA,4.6.1.1
1YTM,MSLSESLAKYGITGATNIVHNPSHEELFAAETQASLEGFEKGTVTEMGAVNVMTGVYTGRSPKDKFIVKNEASKEIWWTSDEFKNDNKPVTEEAWAQLKALAGKELSNKPLYVVDLFCGANENTRLKIRFVMEVAWQAHFVTNMFIRPTEEELKGFEPDFVVLNASKAKVENFKELGLNSETAVVFNLAEKMQIILNTWYGGEMKKGMFSMMNFYLPLQGIAAMHCSANTDLEGKNTAIFFGLSGTGKTTLSTDPKRLLIGDDEHGWDDDGVFNFEGGCYAKVINLSKENEPDIWGAIKRNALLENVTVDANGKVDFADKSVTENTRVSYPIFHIKNIVKPVSKAPAAKRVIFLSADAFGVLPPVSILSKEQTKYYFLSGFTAKLAGTERGITEPTPTFSSCFGAAFLTLPPTKYAEVLVKRMEASGAKAYLVNTGWNGTGKRISIKDTRGIIDAILDGSIDTANTATIPYFNFTVPTELKGVDTKILDPRNTYADASEWEVKAKDLAERFQKNFKKFESLGGDLVKAGPQL,4.1.1.49
1Z88,LVSSPSTLNPGTNVAKLAEQAPVHWVSVAQIENSLTGRPPMAVGFDIDDTVLFSSPGFWRGKKTYSPDSDDYLKNPAFWEKMNNGWDEFSIPKEAARQLIDMHVRRGDSIYFVTGRSQTKTETVSKTLADNFHIPAANMNPVIFAGDKPEQNTRVQWLQEKNMRIFYGDSDNDITAARDCGIRGIRILRAANSTYKPLPQAGAFGEEVIVNSEY,3.1.3.2
1ZAJ,PHSHPALTPEQKKELSDIAHRIVAPGKGILAADESTGSIAKRLQSIGTENTEENRRFYRQLLLTADDRVNPCIGGVILFHETLYQKADDGRPFPQVIKSKGGVVGIKVDKGVVPLAGTNGETTTQGLDGLSERCAQYKKDGADFAKWRCVLKIGEHTPSALAIMENANVLARYASICQQNGIVPIVEPEILPDGDHDLKRCQYVTEKVLAAVYKALSDHHIYLEGTLLKPNMVTPGHACTQKYSHEEIAMATVTALRRTVPPAVTGVTFLSGGQSEEEASINLNAINKCPLLKPWALTFSYGRALQASALKAWGGKKENLKAAQEEYVKRALANSLACQGKYTPSGQAGAAASESLFISNHAY,4.1.2.13
1ZDF,MGSSHHHHHHSSGLVPRGSHMTDQAFVTLTTNDAYAKGALVLGSSLKQHRTSRRLAVLTTPQVSDTMRKALEIVFDEVITVDILDSGDSAHLTLMKRPELGVTLTKLHCWSLTQYSKCVFMDADTLVLANIDDLFEREELSAAPDPGWPDCFNSGVFVYQPSVETYNQLLHVASEQGSFDGGSQGLLNTFFNSWATTDIRKHLPFIYNLSSISIYSYLPAFKAFGANAKVVHFLGQTKPWNYTYDTKTKSVRSEGHDPTMTHPQFLNVWWDIFTTSVVPLLQQFGLVQDTCSYQHVEDVSGAVSHLSLGETPATTQPFVSSEERKERWEQGQADYMGADSFDNIKKKLDTYLQ,2.4.1.186
1ZJR,MVMEYLVLEKRLKRLREVLEKRQKDLIVFADNVKNEHNFSAIVRTCDAVGVLYLYYYHAEGKKAKINEGITQGSHKWVFIEKVDNPVQKLLEFKNRGFQIVATWLSKESVNFREVDYTKPTVLVVGNELQGVSPEIVEIADKKIVIPMYGMAQSLNVSVATGIILYEAQRQREEKGMYSRPSLSEEEIQKILKKWAYEDVIKERKRTLSTS,2.1.1.34
1ZPS,MIKSKGDVNILLNFRHNINGEDLIIAVAQDHETGEVLMVAYMNREALRRTLETGTAHYWSTSRGKLWLKGESSGHVQRVKDVLVDCDGDAVVLKVEQEGGACHTGYRSCFYRSIDGDELKVREDAVKVFDPEEIYGDG,3.5.4.19
1ZVF,AMFNTTPINIDKWLKENEGLLKPPVNNYCLHKGGFTVMIVGGPNERTDYHINPTPEWFYQKKGSMLLKVVDETDAEPKFIDIIINEGDSYLLPGNVPHSPVRFADTVGIVVEQDRPGGENDKIRWYCSHCRQVVHESELQMLDLGTQVKEAILDFENDVEKRTCFHCKTLNYARPQ,1.13.11.6
2A5H,MINRRYELFKDVSDADWNDWRWQVRNRIETVEELKKYIPLTKEEEEGVAQCVKSLRMAITPYYLSLIDPNDPNDPVRKQAIPTALELNKAAADLEDPLHEDTDSPVPGLTHRYPDRVLLLITDMCSMYCRHCTRRRFAGQSDDSMPMERIDKAIDYIRNTPQVRDVLLSGGDALLVSDETLEYIIAKLREIPHVEIVRIGSRTPVVLPQRITPELVNMLKKYHPVWLNTHFNHPNEITEESTRACQLLADAGVPLGNQSVLLRGVNDCVHVMKELVNKLVKIRVRPYYIYQCDLSLGLEHFRTPVSKGIEIIEGLRGHTSGYCVPTFVVDAPGGGGKTPVMPNYVISQSHDKVILRNFEGVITTYSEPINYTPGCNCDVCTGKKKVHKVGVAGLLNGEGMALEPVGLERNKRHVQE,5.4.3.2
2A9F,MSLKNQLGQLALEQAKTFGGKLEVQPKVDIKTKHDLSIAYTPGVASVSSAIAKDKTLAYDLTTKKNTVAVISDGTAVLGLGDIGPEAAMPVMEGKAALFKAFAGVDAIPIVLDTKDTEEIISIVKALAPTFGGINLEDISAPRCFEIEQRLIKECHIPVFHDDQHGTAIVVLAAIFNSLKLLKKSLDEVSIVVNGGGSAGLSITRKLLAAGATKVTVVDKFGIINEQEAAQLAPHHLDIAKVTNREFKSGTLEDALEGADIFIGVSAPGVLKAEWISKMAARPVIFAMANPIPEIYPDEALEAGAYIVGTGRSDFPNQINNVLAFPGIFRGALDARAKTITVEMQIAAAKGIASLVPDDALSTTNIIPDAFKEGVAEIVAKSVRSVVLKSEGHHHHHH,1.1.1.39
2AHC,SHPALTQLRALRYSKEIPALDPQLLDWLLLEDSMTKRFEQQGKTVSVTMIREGFVEQNEIPEELPLLPKESRYWLREILLSADGEPWLAGRTVVPVSTLSGPELALQKLGKTPLGRYLFTSSTLTRDFIEIGRDAGLWGRRSRLRLSGKPLLLTELFLPASPLY,4.1.3.40
2AKA,TRLVPRGSELALE,3.6.5.5
2AMU,MGSDKIHHHHHHMKLSDFIKTEDFKKEKHVPVIEAPEKVKKDEKVQIVVTVGKEIPHPNTTEHHIRWIKVFFQPDGDPYVYEVGRYEFNAHGESVQGPNIGAVYTEPTVTTVVKLNRSGTIIALSYCNIHGLWESSQKITVEE,1.15.1.2
2B99,MTKKVGIVDTTFARVDMASIAIKKLKELSPNIKIIRKTVPGIKDLPVACKKLLEEEGCDIVMALGMPGKAEKDKVCAHEASLGLMLAQLMTNKHIIEVFVHEDEAKDDKELDWLAKRRAEEHAENVYYLLFKPEYLTRMAGKGLRQGFEDAGPARE,2.5.1.9
2BOG,NDSPFYVNPNMSSAEWVRNNPNDPRTPVIRDRIASVPQGTWFAHHNPGQITGQVDALMSAAQAAGKIPILVVSNAPGRDCGNHSSGGAPSHSAYRSWIDEFAAGLKNRPAYIIVEPDLISLMSSCMQHVQQEVLETMAYAGKALKAGSSQARIYFDAGHSAWHSPAQMASWLQQADISNSAHGIATNTSNYRWTADEVAYAKAVLSAIGNPSLRAVIDTSRNGNGPAGNEWCDPSGRAIGTPSTTNTGDPMIDAFLWIKLPGEADGCIAGAGQFVPQAAYEMAIAA,3.2.1.4
2C6Z,ASLGHPATFGRATHVVVRALPESLAQQALRRTKGDEVDFARAERQHQLYVGVLGSKLGLQVVQLPADESLPDCVFVEDVAVVCEETALITRPGAPSRRKEADMMKEALEKLQLNIVEMKDENATLDGGDVLFTGREFFVGLSKRTNQRGAEILADTFKDYAVSTVPVVDALHLKSFCSMAGPNLIAIGSSESAQKALKIMQQMSDHRYDKLTVPDDTAANCIYLNIPSKGHVLLHRTPEEYPESAKVYEKLKDHMLIPVSNSELEKVDGLLTCSSVLINKKVDS,3.5.3.18
2CHT,MMIRGIRGATTVERDTEEEILQKTKQLLEKIIEENHTKPEDVVQMLLSATPDLHAVFPAKAVRELSGWQYVPVTCMQEMDVTGGLKKCIRVMMTVQTDVPQDQIRHVYLEKAVVLRPDLSLTKNTEL,5.4.99.5
2CPO,QEPGSGIGYPYDNNTLPYVAPGPTDSRAPCPALNALANHGYIPHDGRAISRETLQNAFLNHMGIANSVIELALTNAFVVCEYVTGSDCGDSLVNLTLLAEPHAFEHDHSFSRKDYKQGVANSNDFIDNRNFDAETFQTSLDVVAGKTHFDYADMNEIRLQRESLSNELDFPGWFTESKPIQNVESGFIFALVSDFNLPDNDENPLVRIDWWKYWFTNESFPYHLGWHPPSPAREIEFVTSASSAVLAASVTSTPSSLPSGAIGPGAEAVPLSFASTMTPFLLATNAPYYAQDPTLGPND,1.11.1.10
2CQ8,GSSGSSGFFKGAASSVLELTEAELVTAEAVRSVWQRILPKVLEVEDSTDFFKSGAASVDVVRLVEEVKELCDGLELENEDVYMASTFGDFIQLLVRKLRGDDEESGPSSG,1.5.1.6
2CQU,GSSGSSGMNRTAMRASQKDFENSMNQVKLLKKDPGNEVKLKLYALYKQATEGPCNMPKPGVFDLINKAKWDAWNALGSLPKEAARQNYVDLVSSLSPSLESSSQVEPGTDSGPSSG,5.3.3.8
2CR9,GSSGSSGKSEKRMKLTLKGGAAVDPDSGLEHSAHVLEKGGKVFSATLGLVDIVKGTNSYYKLQLLEDDKENRYWIFRSWGRVGTVIGSNKLEQMPSKEDAIEHFMKLYEEKTGNAWHSKNFTKYPKKFYPLEISGPSSG,2.4.2.-
2CU1,GSSGSSGDVRVKFEHRGEKRILQFPRPVKLEDLRSKAKIAFGQSMDLHYTNNELVIPLTTQDDLDKAVELLDRSIHMKSLKILLVINGSTQATNLEPSGPSSG,2.7.11.25
2D0T,GSHMAHAMENSWTISKEYHIDEEVGFALPNPQENLPDFYNDWMFIAKHLPDLIESGQLRERVEKLNMLSIDHLTDHKSQRLARLVLGCITMAYVWGKGHGDVRKVLPRNIAVPYCQLSKKLELPPILVYADCVLANWKKKDPNKPLTYENMDVLFSFRDGDCSKGFFLVSLLVEIAAASAIKVIPTVFKAMQMQERDTLLKALLEIASCLEKALQVFHQIHDHVNPKAFFSVLRIYLSGWKGNPQLSDGLVYEGFWEDPKEFAGGSAGQSSVFQCFDVLLGIQQTAGGGHAAQFLQDMRRYMPPAHRNFLCSLESNPSVREFVLSKGDAGLREAYDACVKALVSLRSYHLQIVTKYILIPASQQPKENKTSEDPSKLEAKGTGGTDLMNFLKTVRSTTEKSLLKEG,1.13.11.52
2D5U,GPLGSMASATLGSSSSSASPAVAELCQNTPETFLEASKLLLTYADNILRNPSDEKYRSIRIGNTAFSTRLLPVRGAVECLFEMGFEEGETHLIFPKKASVEQLQKIRDLIAIERSSRLDGSSKK,3.5.1.52
2DQB,MRFSREALLELEASRLAPYAQKARDTRGRAHPEPESLYRTPYQKDRDRILHTTAFRRLEYKTQVLPGWAGDYYRTRLTHTLEVAQVSRSIARALGLNEDLTEAIALSHDLGHPPFGHTGEHVLNALMQDHGGFEHNAQALRILTHLEVRYPGFRGLNLTYEVLEGIATHEAAYSPGFKPLYEGQGTLEAQVVDLSDAIAYAAHDLDDGFRAGLLHPEELKEVELLQALALEEGLDLLRLPELDRRVLVRQLLGYFITAAIEATHRRVEEAGVQSAEAVRRHPSRLAALGEEAEKALKALKAFLMERFYRHPEVLRERRKAEAVLEGLFAAYTRYPELLPREVQAKIPEEGLERAVCDYIAGMTDRFALEAYRRLSP,3.1.5.1
2DTN,MLSATQPLSEKLDSTLKHLAIIMDGNGRWAKLKNKARAYGHKKGVKTLKDITIWCANHKLECLTLYAFSTENWKRPKSEVDFLMKMLKKYLKDERSTYLDNNIRFRAIGDLEGFSKELRDTILQLENDTRHFKDFTQVLALNYGSKNELSRAFKSLLESPPSNISLLESLENEISNRLDTRNLPEVDLLLRTGGEMRLSNFLLWQSSYAELFFTPILWPDFTPKDLENIISDFYKRVRKFGELKA,2.5.1.-
2DZB,MGAPPLGPTIIPPVRTLWLRDRALDLDRVRLLGVLNLTPDSFSDGGRYLDPERALERAREMVAEGADILDLGAESTRPGAAPVPVEEEKRRLLPVLEAVLSLGVPVSVDTRKPEVAEEALKLGAHLLNDVTGLRDERMVALAARHGVAAVVMHMPVPDPATMMAHARYRDVVAEVKAFLEAQARRALSAGVPQVVLDPGFGFGKLLEHNLALLRRLDEIVALGHPVLVGLSRKRTIGELSGVEDPAQRVHGSVAAHLFAVMKGVRLLRVHDVRAHREALGVWEALYGGDRPSRA,2.5.1.15
2E4J,GSQGHDTVQPNFQQDKFLGRWYSAGLASNSSWFREKKAVLYMCKTVVAPSTEGGLNLTSTFLRKNQAETKIMVLQPAGAPGHYTYSSPHSGSIHSVSVVEANYDEYALLFSRGTKGPGQDFRMATLYSRTQTLKDELKEKFTTFSKAQGLTEEDIVFLPQPDKAIQE,5.3.99.2
2E5M,MLYKEPEDGEKIKFDKGKWIVPNKPVILYIEGDGIGPEITNAAIKVINKAVERAYGSSREIKWLEVYAGEKAEKLVNDRFPKETQEMLLKYRVVLKGPLETPIGKGWKSVNVAIRLMLDLYANIRPVKYIEGLESPLKHPEKVDMIIFRENTDDLYRGIEYPFNSEEAKKIRDFLRKELKVEIEDDTGIGIKVMSKYKTQRITRLAIQYAIEHKRKKVTIMHKGNVMKYTEGAFREWAYEVALKEYRDFIVTEEEINQGKPDQGKIILNDRIADNMFQQIIIRPEEYDIILAPNVNGDYISDAAGALIGNIGMLGGANIGDEGGMFEAIHGTAPKYAGKNVANPTGIIKAGELMLRWMGWNEAADLIEKAINMAIRDKKVTQDIARFMGVKALGTKEYADELIKIMDTI,1.1.1.42
2EKG,MDHHHHHHHHASENLYFQGHMNLDLAYRSFVLGVAGHPQVERLIKHRAKGLVRRYVAGETLEEALKAAEALEREGVHAILDLLGEMVRTEEEARAFQRGLLELVWALAGKPWPKYISLKLTQLGLDLSEDLALALLREVLREAEPRGVFVRLDMEDSPRVEATLRLYRALREEGFSQVGIVLQSYLYRTEKDLLDLLPYRPNLRLVKGAYREPKEVAFPDKRLIDAEYLHLGKLALKEGLYVAFATHDPRIIAELKRYTEAMGIPRSRFEFQFLYGVRPEEQRRLAREGYTVRAYVPYGRDWYPYLTRRIAERPENLLLVLRSLVSG,1.5.5.2
2EWO,MAKRIKNTTPKQDGFRMPGEFEKQKQIWMLWPWRNDNWRLGAKPAQKAFLEVAEAISEFEPVSLCVPPLQYENALARVSELGSHNIRIIEMTNDDAWIRDCGPTFLVNDKGDLRAVDWEFNAWGGLVDGLYFPWDQDALVARKVCEIEGVDSYKTKDFVLEGGSIHVDGEGTVLVTEMCLLHPSRNPHLTKEDIEDKLKDYLNCVKVLWVKDGIDPYETNGHIDDVACFIRPGEVACIYTDDKEHPFYQEAKAAYDFLSQQTDAKGRPLKVHKMCVTKEPCYLQEAATIDYVEGSIPREEGEMAIASYLNFLIVNGGIILPQYGDENDQLAKQQVQEMFPDRKVVGVRTEEIAYGGGNIHCITQQQPATLEHHHHHH,3.5.3.12
2F8A,MHHHHHHSSGVDLGTENLYFQSMQSVYAFSARPLAGGEPVSLGSLRGKVLLIENVASLGGTTVRDYTQMNELQRRLGPRGLVVLGFPCNQFGHQENAKNEEILNSLKYVRPGGGFEPNFMLFEKCEVNGAGAHPLFAFLREALPAPSDDATALMTDPKLITWSPVCRNDVAWNFEKFLVGPDGVPLRRYSRRFQTIDIEPDIEALLSQ,1.11.1.9
2FUG,MTGPILSGLDPRFERTLYAHVGKEGSWTLDYYLRHGGYETAKRVLKEKTPDEVIEEVKRSGLRGRGGAGFPTGLKWSFMPKDDGKQHYLICNADESEPGSFKDRYILEDVPHLLIEGMILAGYAIRATVGYIYVRGEYRRAADRLEQAIKEARARGYLGKNLFGTDFSFDLHVHRGAGAYICGEETALMNSLEGLRANPRLKPPFPAQSGLWGKPTTINNVETLASVVPIMERGADWFAQMGTEQSKGMKLYQISGPVKRPGVYELPMGTTFRELIYEWAGGPLEPIQAIIPGGSSTPPLPFTEEVLDTPMSYEHLQAKGSMLGTGGVILIPERVSMVDAMWNLTRFYAHESCGKCTPCREGVAGFMVNLFAKIGTGQGEEKDVENLEALLPLIEGRSFCPLADAAVWPVKGSLRHFKDQYLALAREKRPVPRPSLWR,7.1.1.-
2FZS,ALVPMVIEQTSRGERSFDIYSRLLKERVIFLTGQVEDHMANLIVAQMLFLEAENPEKDIYLYINSPGGVITAGMSIYDTMQFIKPDVSTICMGQAASMGAFLLTAGAKGKRFCLPNSRVMIHQPLGGYQGQATDIEIHAREILKVKGRMNELMALHTGQSLEQIERDTERDRFLSAPEAVEYGLVDSILTHRN,3.4.21.92
2GFX,MRGSHHHHHHGSACVSKRRVVVTGLGMLSPVGNTVESTWKALLAGQSGISLIDHFDTSAYATKFAGLVKDFNCEDIISRKEQRKMDAFIQYGIVAGVQAMQDSGLEITEENATRIGAAIGSGIGGLGLIEENHTSLMNGGPRKISPFFVPSTIVNMVAGHLTIMYGLRGPSISIATAQTSGVHNIGHAARIIAYGDADVMVAGGAEKASTPLGVGGFGAARALSTRNDNPQAASRPWDKERDGFVLGDGAGMLVLEEYEHAKKRGAKIYAELVGFGMSSDAYHMTSPPENGAGAALAMANALRDAGIEASQIGYVNAHGTSTPAGDKAEAQAVKTIFGEAASRVLVSSTKSMTGHLLGAAGAVESIYSILALRDQAVPPTINLDNPDEGCDLDFVPHEARQVSGMEYTLCNSFGFGGTNGSLIFKKI,2.3.1.179
2GZ3,MGYTVAVVGATGAVGAQMIKMLEESTLPIDKIRYLASARSAGKSLKFKDQDITIEETTETAFEGVDIALFSAGSSTSAKYAPYAVKAGVVVVDNTSYFRQNPDVPLVVPEVNAHALDAHNGIIACPNCSTIQMMVALEPVRQKWGLDRIIVSTYQAVSGAGMGAILETQRELREVLNDGVKPCDLHAEILPSGGDKKHYPIAFNALPQIDVFTDNDYTYEEMKMTKETKKIMEDDSIAVSATCVRIPVLSAHSESVYIETKEVAPIEEVKAAIAAFPGAVLEDDVAHQIYPQAINAVGSRDTFVGRIRKDLDAEKGIHMWVVSDNLLKGAAWNSVQIAETLHERGLVRPTAELKFELKLEHHHHHH,1.2.1.11
2H2N,GSHMASPPTHNAHNWRLGQAPANWYNDTYPLSPPQRTPAGIRYRIAVIADLDTESRAQEENTWFSYLKKGYLTLSDSGDKVAVEWDKDHGVLESHLAEKGRGMELSDLIVFNGKLYSVDDRTGVVYQIEGSKAVPWVILSDGDGTVEKGFKAEWLAVKDERLYVGGLGKEWTTTTGDVVNENPEWVKVVGYKGSVDHENWVSNYNALRAAAGIQPPGYLIHESACWSDTLQRWFFLPRRASQERYSEKDDERKGANLLLSASPDFGDIAVSHVGAVVPTHGFSSFKFIPNTDDQIIVALKSEEDSGRVASYIMAFTLDGRFLLPETKIGSVKYEGIEFI,3.6.1.6
2H2W,MGSDKIHHHHHHMPINVPSGLPAVKVLAKEGIFVMTEKRAIHQDIRPLEILILNLMPDKIKTEIQLLRLLGNTPLQVNVTLLYTETHKPKHTPIEHILKFYTTFSAVKDRKFDGFIITGAPVELLPFEEVDYWEELTEIMEWSRHNVYSTMFICWAAQAGLYYFYGIPKYELPQKLSGVYKHRVAKDSVLFRGHDDFFWAPHSRYTEVKKEDIDKVPELEILAESDEAGVYVVANKSERQIFVTGHPEYDRYTLRDEYYRDIGRNLKVPIPANYFPNDDPTKTPILTWWSHAHLFFSNWLNYCIYQKTPYRL,2.3.1.31
2H89,GSSKAASLHWTSERAVSALLLGLLPAAYLYPGPAVDYSLAAALTLHGHWGLGQVITDYVHGDTPIKVANTGLYVLSAITFTGLCYFNYYDVGICKAVAMLWSI,1.3.5.1
2H8E,MNTYSITLPWPPSNNRYYRHNRGRTHVSAEGQAYRDNVARIIKNAMLDIGLAMPVKIRIECHMPDRRRRNLDNLQKAAFDALTKAGFWLDDAQVVDYRVVKMPVTKGGRLELTITEMGNE,3.1.21.10
2HXM,MEFFGESWKKHLSGEFGKPYFIKLMGFVAEERKHYTVYPPPHQVFTWTQMCDIKDVKVVILGQDPYHGPNQAHGLCFSVQRPVPPPPSLENIYKELSTDIEDFVHPGHGDLSGWAKQGVLLLNAVLTVRAHQANSHKERGWEQFTDAVVSWLNQNSNGLVFLLWGSYAQKKGSAIDRKRHHVLQTAHPSPLSVYRGFFGCRHFSKTNELLQKSGKKPIDWKEL,3.2.2.27
2I4N,MGSSHHHHHHSSGLVPRGSHMRLSRFFLPILKENPKEAEIVSHRLMLRAGMLRQEAAGIYAWLPLGHRVLKKIEQIVREEQNRAGAIELLMPTLQLADLWRESGRYDAYGPEMLRIADRHKRELLYGPTNEEMITEIFRAYIKSYKSLPLNLYHIQWKFRDEQRPRFGVMRGREFLMKDAYSFDVDEAGARKSYNKMFVAYLRTFARMGLKAIPMRAETGPIGGDLSHEFIVLAETGESGVYIDRDVLNLPVPDENVDYDGDLTPIIKQWTSVYAATEDVHEPARYESEVPEANRLNTRGIEVGQIFYFGTKYSDSMKANVTGPDGTDAPIHGGSYGVGVSRLLGAIIEACHDDNGIIWPEAVAPFRVTILNLKQGDAATDAACDQLYRELSAKGVDVLYDDTDQRAGAKFATADLIGIPWQIHVGPRGLAEGKVELKRRSDGARENLALADVVARLT,6.1.1.15
2I56,MAEFRIAQDVVARENDRRASALKEDYEALGANLARRGVDIEAVTAKVEKFFVAVPSWGVGTGGTRFARFPGTGEPRGIFDKLDDCAVIQQLTRATPNVSLHIPWDKADPKELKARGDALGLGFDAMNSNTFSDAPGQAHSYKYGSLSHTNAATRAQAVEHNLECIEIGKAIGSKALTVWIGDGSNFPGQSNFTRAFERYLSAMAEIYKGLPDDWKLFSEHKMYEPAFYSTVVQDWGTNYLIAQTLGPKAQCLVDLGHHAPNTNIEMIVARLIQFGKLGGFHFNDSKYGDDDLDAGAIEPYRLFLVFNELVDAEARGVKGFHPAHMIDQSHNVTDPIESLINSANEIRRAYAQALLVDRAALSGYQEDNDALMATETLKRAYRTDVEPILAEARRRTGGAVDPVATYRASGYRARVAAERPASVAGGGGIIGSHHHHHH,5.3.1.14
2IBN,SMDRVFTTYKLMHTHQTVDFVRSKHAQFGGFSYKKMTVMEAVDLLDGLVDESDPDVDFPNSFHAFQTAEGIRKAHPDKDWFHLVGLLHDLGKVLALFGEPQWAVVGDTFPVGCRPQASVVFCDSTFQDNPDLQDPRYSTELGMYQPHCGLDRVLMSWGHDEYMYQVMKFNKFSLPPEAFYMIRFHSFYPWHTGRDYQQLCSQQDLAMLPWVREFNKFDLYTKCPDLPDVDKLRPYYQGLIDKYCPGILSW,1.13.99.1
2IU4,MEFYNSTNEIPEEMLKGIDLTYPQLTYLPETGILYDNTYNEKTVPIISGGGSGHEPAHVGYVGSGMLAAAVTGPLFIPPKSKNILKAIRQVNSGKGVFVIIKNFEADLKEFNEAIKEARTEGIDVRYIVSHDDISVNAYNFHKRHRGVAGTILLHKILGAFAKEGGSIDEIEQLALSLSPEIYTLGVALAPVHFPHQKTSFVLAEDEVSFGIGIHGEPGYRVEKFEGSERIAIELVNKLKAEINWQKKANKNYILLVNGLGSTTLMELYSFQYDVMRLLELEGLSVKFCKVGNLMTSCDMSGISLTLCSVKDPKWLDYLNVPTGAFAWLEHHHHHH,2.7.1.2
2JH2,GSHMASKLKEAAEVTGSVSLEALEEVQVGENLEVGVGIDELVNAEAFAYDFTLNYDENAFEYVEAISDDGVFVNAKKIEDGKVRVLVSSLTGEPLPAKEVLAKVVLRAEAKAEGSNLSVTNSSVGDGEGLVHEIAGTEKTVNIIEGTS,3.2.1.169
2JMU,SAQGLIEVERKFAPGPDTEERLQELGATLEHRVTFRDTYYDTSELSLMLSDHWLRQREGSGWELKCPGVTGVSGPHNEYVEVTSEAAIVAQLFELLGSGEQKPAGVAAVLGSLKLQEVASFITTRSSWKLALSGAHGQEPQLTIDLDSADFGYAVGEVEAMVHEKAEVPAALEKIITVSSMLGVPAQEEAPAKLMVYLQRFRPLDYQRLLEAASSGEATGDSAS,3.6.1.28
2NMM,MGHHHHHHSHMAVADLALIPDVDIDSDGVFKYVLIRVHSAPRSGAPAAESKEIVRGYKWAEYHADIYDKVSGDMQKQGCDCECLGGGRISHQSQDKKIHVYGYSMAYGPAQHAISTEKIKAKYPDYEVTWANDGY,3.9.1.3
2NOX,DGGDSGDTGNGWHGAQMDFARDMSYGDYLGLDQILSAQHPLSPDHNEMLFIVQHQTTELWMKLMLHELRAARDGVKSDQLQPAFKMLARVSRIMDQLVQAWNVLATMTPPEYSAMRPYLGASSGFQSYQYREIEFILGNKNAAMLRPHAHRPEHLELVETALHTPSMYDEAIRLMARRGFQIDPEVVERDWTQPTQYNASVEAAWLEVYRNPSAHWELYELGEKFVDLEDAFRQWRFRHVTTVERVIGFKRGTGGTEGVSYLRRMLDVVLFPELWKLRTDL,1.13.11.11
2NQD,SHKVTKAHNGATLTVAVGELVEIQLPSNPTTGFAWYFEGGTKESPNESMFTVENKYFPPDSKLLGAGGTEHFHVTVKAAGTHAVNLTYMRPWTGPSHDSERFTVYLKAN,3.4.22.15
2OEC,SKSDVFHLGLTKNDLQGAQLAIVPGDPERVEKIAALMDKPVKLASHREFTSWRAELDGKAVIVCSTGIGGPSTSIAVEELAQLGIRTFLRIGTTGAIQPHINVGDVLVTTASVRLDGASLHFAPMEFPAVADFACTTALVEAAKSIGATTHVGVTASSDTFYPGQERYDTYSGRVVRRFKGSMEEWQAMGVMNYEMESATLLTMCASQGLRAGMVAGVIVNRTQQEIPNAETMKQTESHAVKIVVEAARRLL,2.4.2.3
2OTN,MGSSHHHHHHSSGLVPRGSHMSQFSFTKMHGLGNSYIYVNMFEEQIPEEDLALVAEKVSNINTGIGADGMILICPSDVAPVKMRMFNNDGSEGKSCGNGLRCVAKYAYEHKLVEDTVFTIETLAGIVTAEVTVEEGKVTLAKIDMGAPRLTRAEIPMLGEGETPFIRENFLYNNHRYAFTAVSMGNPHAVIFVDDVEQAPLTTLGPVLETHEMFPERVNVEFIEILNEEEMNFRVWERGSGVTQACGTGACAAVVASILNGKMERGKEITVHLAGGDLMIAWTEEGNVLMKGPAEVICRGVYEYKIEA,5.1.1.7
2PKN,GTEDLYFQSHMTIAVTGSIATDHLMRFPGRFSEQLLPEHLHKVSLSFLVDDLVMHRGGVAGNMAFAIGVLGGEVALVGAAGADFADYRDWLKARGVNCDHVLISETAHTARFTCTTDVDMAQIASFYPGAMSEARNIKLADVVSAIGKPELVIIGANDPEAMFLHTEECRKLGLAFAADPSQQLARLSGEEIRRLVNGAAYLFTNDYEWDLLLSKTGWSEADVMAQIDLRVTTLGPKGVDLVEPDGTTIHVGVVPETSQTDPTGVGDAFRAGFLTGRSAGLGLERSAQLGSLVAVLVLESTGTQEWQWDYEAAASRLAGAYGEHAAAEIVAVLA,2.7.1.20
2PNO,MKDEVALLAAVTLLGVLLQAYFSLQVISARRAFRVSPPLTTGPPEFERVYRAQVNCSEYFPLFLATLWVAGIFFHEGAAALCGLVYLFARLRYFQGYARSAQLRLAPLYASARALWLLVALAALGLLAHFLPAALRAALLGRLRTLLPWAHHHHHH,2.5.1.-
2PRO,ADQVDPQLKFAMQRDLGIFPTQLPQYLQTEKLARTQAAAIEREFGAQFAGSWIERNEDGSFKLVAATSGARKSSTLGGVEVRNVRYSLKQLQSAMEQLDAGANARVKGVSKPLDGVQSWYVDPRSNAVVVKVDDGATDAGVDFVALSGADSAQVRIESSPGKLQTT,3.4.21.12
2Q4I,STASRALSQNGNIENPRPSKVQELSVYEINELDRHSPKILKNAFSLMFGLGDLVPFTNKLYTGDLKKRVGITAGLCVVIEHVPEKKGERFEATYSFYFGDYGHLSVQGPYLTYEDSFLAITGGAGIFEGAYGQVKLQQLVYPTKLFYTFYLKGLANDLPLELTGTPVPPSKDIEPAPEAKALEPSGVISNYTN,5.3.99.6
2Q71,FPELKNDTFLRAAWGEETDYTPVWCMRQAGRYLPEFRETRAAQDFFSTCRSPEACCELTLQPLRRFPLDAAIIFSDILVVPQALGMEVTMVPGKGPSFPEPLREEQDLERLRDPEVVASELGYVFQAITLTRQRLAGRVPLIGFAGAPWTLMTYMVERGGSSTMAQAKRWLYQRPQASHQLLRILTDALVPYLVGQVVAGAQALQLFESHAGHLGPQLFNKFALPYIRDVAKQVKARLREAGLAPVPMIIFAKDGHFALEELAQAGYEVVGLDWTVAPKKARECVGKTVTLQGNLDPCALYASEEEIGQLVKQMLDDFGPHRYIANLGHGLYPDMDPEHVGAFVDAVHKHSRLLRQ,4.1.1.37
2QGN,MKEKLVAIVGPTAVGKTKTSVMLAKRLNGEVISGDSMQVYRGMDIGTAKITAEEMDGVPHHLIDIKDPSESFSVADFQDLATPLITEIHERGRLPFLVGGTGLYVNAVIHQFNLGDIRADEDYRHELEAFVNSYGVQALHDKLSKIDPKAAAAIHPNNYRRVIRALEIIKLTGKTVTEQARHEEETPSPYNLVMIGLTMERDVLYDRINRRVDQMVEEGLIDEAKKLYDRGIRDCQSVQAIGYKEMYDYLDGNVTLEEAIDTLKRNSRRYAKRQLTWFRNKANVTWFDMTDVDFDKKIMEIHNFIAGKLEEKSKLEHHHHHH,2.5.1.75
2QM6,TTHYSVADRWGNAVSVTYTINASYGSAASIDGAGFLLNNEMDDFSIKPGNPNLYGLVGGDANAIEANKRPLSSMSPTIVLKNNKVFLVVGSPGGSRIITTVLQVISNVIDYNMNISEAVSAPRFHMQWLPDELRIEKFGMPADVKDNLTKMGYQIVTKPVMGDVNAIQVLPKTKGSVFYGSTDPRKEF,3.4.19.13
2QTT,MAPHGDGLSDIEEPEVDAQSEILRPISSVVFVIAMQAEALPLVNKFGLSETTDSPLGKGLPWVLYHGVHKDLRINVVCPGRDAALGIDSVGTVPASLITFASIQALKPDIIINAGTCGGFKVKGANIGDVFLVSDVVFHDRRIPIPMFDLYGVGLRQAFSTPNLLKELNLKIGRLSTGDSLDMSTQDETLIIANDATLKDMEGAAVAYVADLLKIPVVFLKAVTDLVDGDKPTAEEFLQNLTVVTAALEGTATKVINFINGRNLSDL,3.2.2.16
2QV6,MIQITVIQIDNYGPWTVTPNPRRESDLQALQSRLYADLNLMFGAHKGLVFYTRFDNLIAITNGIDLITHKRIQESIRNRYPFTVSMVIASAETPYEAQKLATETLQEYGSAQDENRKEVLDVANELVVDGYVQIAHIDINNITGTLTDIVSAYDTYLNVNKVKLALMEELLKYNALLFFIGGDNFMAPSNGMSEEDFLDIFNRINKKYKIELKAGIGIGRTAEDASNLADIGLEKIRGKLVDKNVCTLKQDDFLESKMGMGKIYHPQF,3.5.4.29
2RFH,ARSTNTFNYATYHTLDEIYDFMDLLVAEHPQLVSKLQIGRSYEGRPIYVLKFSTGGSNRPAIWIDLGIHSREWITQATGVWFAKKFTEDYGQDPSFTAILDSMDIFLEIVTNPDGFAFTHSQNRLWRKTRSVTSSSLCVGVDANRNWDAGFGKAGASSSPCSETYHGKYANSEVEVKSIVDFVKDHGNFKAFLSIHSYSQLLLYPYGYTTQSIPDKTELNQVAKSAVAALKSLYGTSYKYGSIITTIYQASGGSIDWSYNQGIKYSFTFELRDTGRYGFLLPASQIIPTAQETWLGVLTIMEHTVNN,3.4.17.1
2RK2,VFPSNATFGMGDRVRKKSGAAWQGQIVGWYCTNLTPEGYAVESEAHPGSVQIYPVAALERIN,1.5.1.3
2THI,AHSDASSDITLKVAIYPYVPDPARFQAAVLDQWQRQEPGVKLEFTDWDSYSADPPDDLDVFVLDSIFLSHFVDAGYLLPFGSQDIDQAEDVLPFALQGAKRNGEVYGLPQILCTNLLFYRKGDLKIGQVDNIYELYKKIGTSHSEQIPPPQNKGLLINMAGGTTKASMYLEALIDVTGQYTEYDLLPPLDPLNDKVIRGLRLLINMAGEKPSQYVPEDGDAYVRASWFAQGSGRAFIGYSESMMRMGDYAEQVRFKPISSSAGQDIPLFYSDVVSVNSKTAHPELAKKLANVMASADTVEQALRPQADGQYPQYLLPARHQVYEALMQDYPIYSELAQIVNKPSNRVFRLGPEVRTWLKDAKQVLPEALGLTDVSSLAS,2.5.1.2
2VBV,MVKLMIIEGEVVSGLGEGRYFLSLPPYKEIFKKILGFEPYEGTLNLKLDREFDINKFKYIETEDFEFNGKRFFGVKVLPIKILIGNKKIDGAIVVPKKTYHSSEIIEIIAPMKLREQFNLKDGDVIKILIKGDKDE,2.7.1.161
2VFC,MALDLTGYLDRINYRGATDPTLDVLRDLVSAHTGAIAFENLDPLMGVPVDDLSAEALADKLVDRRRGGYCYEHNGLIGYVLAELGYRVRRLAGRVVWLAPPDAPTPAQTHTVLAVTFPGCQGPYLVDVGFGGMTPTAPLRLETGTVQQTALEPYRLDDRGDGLVLQAMVRDEWQALYEFSTLTRPQVDLRVGSWFVSTHPTSHFVTGLMAATVADDARWNLMGRNLAIHRRGGTEKILLEDAAAVVDTLGDRFGINVADVGERGRLEARIDKVCFGAENR,2.3.1.5
2VO1,MHHHHHHSSGVDLGTENLYFQSMKYILVTGGVISGIGKGIIASSVGTILKSCGLHVTSIKIDPYINIDAGTFSPYEHGEVFVLDDGGEVDLDLGNYERFLDIRLTKDNNLTTGKIYQYVINKERKGDYLGKTVQVVPHITDAIQEWVMRQALIPVDEDGLEPQVCVIELGGTVGDIESMPFIEAFRQFQFKVKRENFCNIHVSLVPQPSSTGEQKTKPTQNSVRELRGLGLSPDLVVCRCSNPLDTSVKEKISMFCHVEPEQVICVHDVSSIYRVPLLLEEQGVVDYFLRRLDLP,6.3.4.2
2VQ5,MTGSQKLILTGRPFLHHQGIINQVSTVTKVIHHELEVAASADDIWTVYSWPGLAKHLPDLLPGAFEKLEIIGDGGVGTILDMTFVPGEFPHEYKEKFILVDNEHRLKKVQMIEGGYLDLGVTYYMDTIHVVPTGKDSCVIKSSTEYHVKPEFVKIVEPLITTGPLAAMADAISKLVLEHKSKSNSDEIEAAIITVHHHHHH,4.2.1.78
2W1J,ESNQQIADFDKEKATLDEADIDERMKLAQAFNDSLNNVVSGDPWSEEMKKKGRAEYARMLEIHERMGHVEIPVIDVDLPVYAGTAEEVLQQGAGHLEGTSLPIGGNSTHAVITAHTGLPTAKMFTDLTKLKVGDKFYVHNIKEVMAYQVDQVKVIEPTNFDDLLIVPGHDYVTLLTCTPYMINTHRLLVRGHRIPYVAEVEEEFIAANKLSH,2.3.2.12
2W36,MDYRQLHRWDLPPEEAIKVQNELRKKIKLTPYEGEPEYVAGVALSFPGKEEGLAVIVVLEYPSFKILEVVSERGEITFPYIPGLLAFREGPLFLKAWEKLRTKPDVVVFDGQGLAHPRKLGIASHMGLFIEIPTIGVAKSRLYGTFKMPEDKRCSWSYLYDGEEIIGCVIRTKEGSAPIFVSPGHLMDVESSKRLIKAFTLPGRRIPEPTRLAHIYTQRLKKGLF,3.1.21.7
2YWC,MVLVLDFGSQYTRLIARRLRELRAFSLILPGDAPLEEVLKHRPQALILSGGPRSVFDPDAPRPDPRLFSSGLPLLGICYGMQLLAQELGGRVERAGRAEYGKALLTRHEGPLFRGLEGEVQVWMSHQDAVTAPPPGWRVVAETEENPVAAIASPDGRAYGVQFHPEVAHTPKGMQILENFLELAGVKRDWTPEHVLEELLREVRERAGKDRVLLAVSGGVDSSTLALLLAKAGVDHLAVFVDHGLLRLGEREEVEGALRALGVNLLVVDAKERFLKALKGVEDPEEKRKIIGREFVAAFSQVARERGPFRFLAQGTLYPDVIESAGGHGAAKIKSHHNVGGLPEDLEFELLEPFRLLFKDEVRELALLLGLPDTLRLRHPFPGPGLAVRVLGEVTEERLEILRRADDIFTSLLREWGLYEKVAQALAVLTPVRSVGVAGDERKYGYVLALRAVTTEDFMTADWARLPLEFLDEAARRITRRVPEIGRVVYDLTSKPPATIEWE,6.3.5.2
2YZO,MVDVVMAPCSPVECRTAVVIDVLRATSTIVTALSNGASGVIPVKTIEEALEKKKEGVLICGERNAQKPKGFNLGNSPLEYRKEKISGKTIVLTTTNGTQVIEKIRSEEIIAASFLNLSAVVEYLKSKEDILLVCAGTNGRFSLEDFLLAGAIVKRLKRNDLGDGAHAAERYFESVENTREEIKKHSSHAKRLISLGFENDIEFCTTEDLFKTVPALVNGVFILKEFP,3.1.3.71
2Z1S,MHHHHHHSENTFIFPATFMWGTSTSSYQIEGGTDEGGRTPSIWDTFCQIPGKVIGGDCGDVACDHFHHFKEDVQLMKQLGFLHYRFSVAWPRIMPAAGIINEEGLLFYEHLLDEIELAGLIPMLTLYHWDLPQWIEDEGGWTQRETIQHFKTYASVIMDRFGERINWWNTINEPYCASILGYGTGEHAPGHENWREAFTAAHHILMCHGIASNLHKEKGLTGKIGITLNMEHVDAASERPEDVAAAIRRDGFINRWFAEPLFNGKYPEDMVEWYGTYLNGLDFVQPGDMELIQQPGDFLGINYYTRSIIRSTNDASLLQVEQVHMEEPVTDMGWEIHPESFYKLLTRIEKDFSKGLPILITENGAAMRDELVNGQIEDTGRQRYIEEHLKACHRFIEEGGQLKGYFVWSFLDNFEWAWGYSKRFGIVHINYETQERTPKQSALWFKQMMAKNGF,3.2.1.21
2Z3P,RLVQLSRHSIAFPSPEGALREPNGLLALGGDLSPARLLMAYQRGIFPWFSPGDPILWWSPDPRAVLWPESLHISRSMKRFHKRSPYRVTMNYAFGQVIEGCASDREEGTWITRGVVEAYHRLHELGHAHSIEVWREDELVGGMYGVAQGTLFCGESMFSRMENASKTALLVFCEEFIGHGGKLIDCQVLNDHTASLGACEIPRRDYLNYLNQMRLGRLPNNFWVPRCLFSPQE,2.3.2.6
2ZA1,MGFKVKLEKRRNAINTCLCIGLDPDEKDIENFMKNEKENNYNNIKKNLKEKYINNVSIKKDILLKAPDNIIREEKSEEFFYFFNHFCFYIINETNKYALTFKMNFAFYIPYGSVGIDVLKNVFDYLYELNIPTILDMKINDIGNTVKNYRKFIFEYLKSDSCTVNIYMGTNMLKDICYDEEKNKYYSAFVLVKTTNPDSAIFQKNLSLDNKQAYVIMAQEALNMSSYLNLEQNNEFIGFVVGANSYDEMNYIRTYFPNCYILSPGIGAQNGDLHKTLTNGYHKSYEKILINIGRAITKNPYPQKAAQMYYDQINAILKQNMES,4.1.1.23
2ZDQ,MRVLLIAGGVSPEHEVSLLSAEGVLRHIPFPTDLAVIAQDGRWLLGEKALTALEAKAAPEGEHPFPPPLSWERYDVVFPLLHGRFGEDGTVQGFLELLGKPYVGAGVAASALCMDKDLSKRVLAQAGVPVVPWVAVRKGEPPVVPFDPPFFVKPANTGSSVGISRVERFQDLEAALALAFRYDEKAVVEKALSPVRELEVGVLGNVFGEASPVGEVRYEAPFYDYETKYTPGRAELLIPAPLDPGTQETVQELALKAYKVLGVRGMARVDFFLAEGELYLNELNTIPGFTPTSMYPRLFEAGGVAYPELLRRLVELALT,6.3.2.4
3B3F,ERTEESSAVQYFQFYGYLSQQQNMMQDYVRTGTYQRAILQNHTDFKDKIVLDVGCGSGILSFFAAQAGARKIYAVEASTMAQHAEVLVKSNNLTDRIVVIPGKVEEVSLPEQVDIIISEPMGYMLFNERMLESYLHAKKYLKPSGNMFPTIGDVHLAPFTDEQLYMEQFTKANFWYQPSFHGVDLSALRGAAVDEYFRQPVVDTFDIRILMAKSVKYTVNFLEAKEGDLHRIEIPFKFHMLHSGLVHGLAFWFDVAFIGSIMTVWLSTAPTEPLTHWYQVRCLFQSPLFAKAGDTLSGTCLLIANKRQSYDISIVAQVDQTGSKSSNLLDLKNPFFRYTGT,2.1.1.319
3B6R,MPFSNSHNALKLRFPAEDEFPDLSAHNNHMAKVLTPELYAELRAKSTPSGFTLDDVIQTGVDNPGHPYIMTVGCVAGDEESYEVFKDLFDPIIEDRHGGYKPSDEHKTDLNPDNLQGGDDLDPNYVLSSRVRTGRSIRGFCLPPHCSRGERRAIEKLAVEALSSLDGDLAGRYYALKSMTEAEQQQLIDDHFLFDKPVSPLLLASGMARDWPDARGIWHNDNKTFLVWVNEEDHLRVISMQKGGNMKEVFTRFCTGLTQIETLFKSKDYEFMWNPHLGYILTCPSNLGTGLRAGVHIKLPNLGKHEKFSEVLKRLRLQKRGTGGVDTAAVGGVFDVSNADRLGFSEVELVQMVVDGVKLLIEMEQRLEQGQAIDDLMPAQK,2.7.3.2
3B9J,MTADELVFFVNGKKVVEKNADPETTLLAYLRRKLGLRGTKLGCGEGGCGACTVMLSKYDRLQDKIIHFSANACLAPICTLHHVAVTTVEGIGSTKTRLHPVQERIAKSHGSQCGFCTPGIVMSMYTLLRNQPEPTVEEIEDAFQGNLCRCTGYRPILQGFRTFAKNGGCCGGNGNNPNCCMNQKKDHTVTLSPSLFNPEEFMPLDPTQEPIFPPELLRL,1.17.1.4
3BAZ,MGSSHHHHHHSSGLVPRGSHMEAIGVLMMCPMSTYLEQELDKRFKLFRYWTQPAQRDFLALQAESIRAVVGNSNAGADAELIDALPKLEIVSSFSVGLDKVDLIKCEEKGVRVTNTPDVLTDDVADLAIGLILAVLRRICECDKYVRRGAWKFGDFKLTTKFSGKRVGIIGLGRIGLAVAERAEAFDCPISYFSRSKKPNTNYTYYGSVVELASNSDILVVACPLTPETTHIINREVIDALGPKGVLINIGRGPHVDEPELVSALVEGRLGGAGLDVFEREPEVPEKLFGLENVVLLPHVGSGTVETRKVMADLVVGNLEAHFSGKPLLTPVV,1.1.1.237
3BQH,NTRTIYLAGGCFWGLEAYFQRIDGVVDAVSGYANGNTKNPSYEDVSYRHTGHAETVKVTYDADKLSLDDILQYFFRVVDPTSLNKQGNDTGTQYRSGVYYTDPAEKAVIAAALKREQQKYQLPLVVENEPLKNFYDAEEYHQDYLIKNPNGYCHIDIRKADEPLPGKTKTAPQGKGFDAATYKKPSDAELKRT,1.8.4.12
3C2F,PVYEHLLPVNGAWRQDVTNWLSEDVPSFDFGGYVVGSDLKEANLYCKQDGMLCGVPFAQEVFNQCELQVEWLFKEGSFLEPSKNDSGKIVVAKITGPAKNILLAERTALNILSRSSGIATASHKIISLARSTGYKGTIAGTRKTTPGLRRLEKYSMLVGGCDTHRYDLSSMVMLKDNHIWATGSITNAVKNARAVCGFAVKIEVECLSEDEATEAIEAGADVIMLDNFKGDGLKMCAQSLKNKWNGKKHFLLECSGGLNLDNLEEYLCDDIDIYSTSSIHQGTPVIDFSLKLAH,2.4.2.19
3D4J,MASEKPLAAVTCTAPVNIAVIKYWGKRDEELVLPINSSLSVTLHQDQLKTTTTAVISKDFTEDRIWLNGREEDVGQPRLQACLREIRCLARKRRNSRDGDPLPSSLSCKVHVASVNNFPTAAGLASSAAGYACLAYTLARVYGVESDLSEVARRGSGSACRSLYGGFVEWQMGEQADGKDSIARQVAPESHWPELRVLILVVSAEKKLTGSTVGMRASVETSPLLRFRAESVVPARMAEMARCIRERDFPSFAQLTMKDSNQFHATCLDTFPPISYLNAISWRIIHLVHRFNAHHGDTKVAYTFDAGPNAVIFTLDDTVAEFVAAVWHGFPPGSNGDTFLKGLQVRPAPLSAELQAALAMEPTPGGVKYIIVTQVGPGPQILDDPCAHLLGPDGLPKPAA,4.1.1.33
3D4P,MNKFKGNKVVLIGNGAVGSSYAFSLVNQSIVDELVIIDLDTEKVRGDVMDLKHATPYSPTTVRVKAGEYSDCHDADLVVICAGAAQKPGETRLDLVSKNLKIFKSIVGEVMASKFDGIFLVATNPVDILAYATWKFSGLPKERVIGSGTILDSARFRLLLSEAFDVAPRSVDAQIIGEHGDTELPVWSHANIAGQPLKTLLEQRPEGKAQIEQIFVQTRDAAYDIIQAKGATYYGVAMGLARITEAIFRNEDAVLTVSALLEGEYEEEDVYIGVPAVINRNGIRNVVEIPLNDEEQSKFAHSAKTLKDIMAEAEELK,1.1.1.27
3DOP,MGSSHHHHHHSSGLVPRGSHMDLSAASHRIPLSDGNSIPIIGLGTYSEPKSTPKGACATSVKVAIDTGYRHIDGAYIYQNEHEVGEAIREKIAEGKVRREDIFYCGKLWATNHVPEMVRPTLERTLRVLQLDYVDLYIIEVPMAFKPGDEIYPRDENGKWLYHKSNLCATWEAMEACKDAGLVKSLGVSNFNRRQLELILNKPGLKHKPVSNQVECHPYFTQPKLLKFCQQHDIVITAYSPLGTSRNPIWVNVSSPPLLKDALLNSLGKRYNKTAAQIVLRFNIQRGVVVIPKSFNLERIKENFQIFDFSLTEEEMKDIEALNKNVRFVELLMWRDHPEYPFHDEY,1.3.1.3
3DSR,MKHHHHHHPMVKEYKTITQIAGPLIFVEKTEPVGYNEIVNIKMGDGTVRRGQVLDSSADIVVVQVFEGTGGLDKDCGVIFTGETLKLPASVDLLGRILSGSGEPRDGGPRIVPDQLLDINGAAMNPYARLPPKDFIQTGISTIDGTNTLVRGQKLPIFSASGLPHNEIALQIARQASVPGSESAFAVVFAAMGITNEEAQYFMSDFEKTGALERAVVFLNLADDPAVERIVTPRMALTAAEYLAYEHGMHVLVILTDITNYAEALRQMGAARNEVPGRRGYPGYMYTDLATLYERAGIVKGAKGSVTQIPILSMPGDDITHPIPDLSGYITEGQIVVARELHRKGIYPPINVLPSLSRLMNSGIGAGKTREDHKAVSDQMYAGYAEGRDLRGLVAIVGKEALSERDTKFLEFADLFEDKFVRQGRNENRTIEDTLEIGWQILTHLPENQLGRIDNKYIQKYHPAHRKAK,3.6.3.14
3DU4,MTHDLIEKSKKHLWLPFTQMKDYDENPLIIESGTGIKVKDINGKEYYDGFSSVWLNVHGHRKKELDDAIKKQLGKIAHSTLLGMTNVPATQLAETLIDISPKKLTRVFYSDSGAEAMEIALKMAFQYWKNIGKPEKQKFIAMKNGYHGDTIGAVSVGSIELFHHVYGPLMFESYKAPIPYVYRSESGDPDECRDQCLRELAQLLEEHHEEIAALSIESMVQGASGMIVMPEGYLAGVRELCTTYDVLMIVDEVATGFGRTGKMFACEHENVQPDLMAAGKGITGGYLPIAVTFATEDIYKAFYDDYENLKTFFHGHSYTGNQLGCAVALENLALFESENIVEQVAEKSKKLHFLLQDLHALPHVGDIRQLGFMCGAELVRSKETKEPYPADRRIGYKVSLKMRELGMLTRPLGDVIAFLPPLASTAEELSEMVAIMKQAIHEVTSLED,2.6.1.105
3ECR,SNAMSGNGNAAATAEENSPKMRVIRVGTRKSQLARIQTDSVVATLKASYPGLQFEIIAMSTTGDKILDTALSKIGEKSLFTKELEHALEKNEVDLVVHSLKDLPTVLPPGFTIGAICKRENPHDAVVFHPKFVGKTLETLPEKSVVGTSSLRRAAQLQRKFPHLEFRSIRGNLNTRLRKLDEQQEFSAIILATAGLQRMGWHNRVGQILHPEECMYAVGQGALGVEVRAKDQDILDLVGVLHDPETLLRCIAERAFLRHLEGGCSVPVAVHTAMKDGQLYLTGGVWSLDGSDSIQETMQATIHVPAQHEDGPEDDPQLVGITARNIPRGPQLAAQNLGISLANLLLSKGAKNILDVARQLNDAH,2.5.1.61
3EFV,MTMMTATQALSVNPATGQTLAAMPWANAQEIEHALSLAASGFKKWKMTSVAQRAQTLRDIGQALRAHAEEMAQCITREMGKPIKQARAEVTKSAALCDWYAEHGPAMLNPEPTLVENQQAVIEYRPLGVILAIMPWNFPLWQVLRGAVPILLAGNSYLLKHAPNVTGCAQMIARILAEAGTPAGVYGWVNANNEGVSQMINDPRIAAVTVTGSVRAGAAIGAQAGAALKKCVLELGGSDPFIVLNDADLELAVKAAVAGRYQNTGQVCAAAKRFIVEEGIAQAFTDRFVAAAAALKMGDPLVEENDLGPMARFDLRDELHQQVQASVAEGARLLLGGEKIAGEGNYYAATVLADVTPDMTAFRQELFGPVAAITVAKDAAHALALANDSEFGLSATIFTADDTLAAEMAARLECGGVFINGYSASDARVAFGGVKKSGFGRELSHFGLHEFCNVQTVWKNRV,1.2.1.-
3ELN,MERTELLKPRTLADLIRILHELFAGDEVNVEEVQAVLEAYESNPAEWALYAKFDQYRYTRNLVDQGNGKFNLMILCWGEGHGSSIHDHTDSHCFLKLLQGNLKETLFDWPDKKSNEMIKKSERTLRENQCAYINDSIGLHRVENVSHTEPAVSLHLYSPPFDTCHAFDQRTGHKNKVTMTFHSKFGIRTPFTTSGSLENN,1.13.11.20
3EPZ,MHHHHHHSSGRENLYFQGPKCIQCGQYLDDPDLKYGQHPPDAVDEPQMLTNEKLSIFDANESGFESYEALPQHKLTCFSVYCKHGHLCPIDTGLIEKNIELFFSGSAKPIYDDDPSLEGGVNGKNLGPINEWWITGFDGGEKALIGFSTSFAEYILMDPSPEYAPIFGLMQEKIYISKIVVEFLQSNSDSTYEDLINKIETTVPPSGLNLNRFTEDSLLRHAQFVVEQVESYDEAGDSDEQPIFLTPCMRDLIKLAGVTLGQRRAQAR,2.1.1.37
3ERG,MNGRGFLIYNGGEKMKQKMIIYDTPAGPYPARVRIALAEKNMLSSVQFVRINLWKGEHKKPEFLAKNYSGTVPVLELDDGTLIAECTAITEYIDALDGTPTLTGKTPLEKGVIHMMNKRAELELLDPVSVYFHHATPGLGPEVELYQNKEWGLRQRDKALHGMHYFDTVLRERPYVAGDSFSMADITVIAGLIFAAIVKLQVPEECEALRAWYKRMQQRPSVKKLLEIRSKSS,2.5.1.18
4F10,GSHPFDQAVVKDPTASYVDVKARRTFLQSGQLDDRLKAALPKEYDCTTEATPNPQQGEMVIPRRYLSGNHGPVNPDYEPVVTLYRDFEKISATLGNLYVATGKPVYATCLLNMLDKWAKADALLNYDPKSQSWYQVEWSAATAAFALSTMMAEPNVDTAQRERVVKWLNRVARHQTSFPGGDTSCCNNASYWRGQEATIIGVISKDDELFRWGLGRYVQAMGLINEDGSFVHEMTRHEQSLHYQNYAMLPLTMIAETASRQGIDLYAYKENGRDIHSARKFVFAAVKNPDLIKKYASEPQDTRAFKPGRGDLNWIEYQRARFGFADELGFMTVPIFDPRTGGSATLLAYKPQG,4.2.2.3
3EZI,GSAHAINKAGSLRMQSYRLLAAVPLSEKDKPLIKEMEQTAFSAELTRAAERDGQLAQLQGLQDYWRNELIPALMRAQNRETVSADVSQFVAGLDQLVSGFDRTTEMR,2.7.13.3
3GDL,MSKATYKERAATHPSPVAAKLFNIMHEKQTNLCASLDVRTTKELLELVEALGPKICLLKTHVDILTDFSMEGTVKPLKALSAKYNFLLFEDRKFADIGNTVKLQYSAGVYRIAEWADITNAHGVVGPGIVSGLKQAAEEVTKEPRGLLMLAELSCKGSLATGEYTKGTVDIAKSDKDFVIGFIAQRDMGGRDEGYDWLIMTPGVGLDDKGDALGQQYRTVDDVVSTGSDIIIVGRGLFAKGRDAKVEGERYRKAGWEAYLRRCGQQN,4.1.1.23
3HIT,VIIYELNLQGTTKAQYSTFLKQLRDDIKDPNLHYGGTNLPVIKRPVGPPKFLRVNLKASTGTVSLAVQRSNLYVAAYLAKNNNKQFRAYYFKGFQITTNQLNNLFPEATGVSNQQELGYGESYPQIQNAAGVTRQQAGLGIKKLAESMTKVNGVARVEKDEALFLLIVVQMVGEAARFKYIENLVLNNFDTAKEVEPVPDRVIILENNWGLLSRAAKTANNGVFQTPLVLTSYAVPGVEWRVTTVAEVEIGIFLNVDNN,3.2.2.22
3MAN,ATGLHVKNGRLYEANGQEFIIRGVSHPHNWYPQHTQAFADIKSHGANTVRVVLSNGVRWSKNGPSDVANVISLCKQNRLICMLEVHDTTGYGEQSGASTLDQAVDYWIELKSVLQGEEDYVLINIGNEPYGNDSATVAAWATDTSAAIQRLRAAGFEHTLVVDAPNWGQDWTNTMRNNADQVYASDPTGNTVFSIHMYGVYSQASTITSYLEHFVNAGLPLIIGEFGHDHSDGNPDEDTIMAEAERLKLGYIGWSWSGNGGGVEYLDMVYNFDGDNLSPWGERIFYGPNGIASTAKEAVIFG,3.2.1.78
3TS1,MDLLAELQWRGLVNQTTDEDGLRKLLNEERVTLYCGFDPTADSLHIGHLATILTMRRFQQAGHRPIALVGGATGLIGDPSGKKSERTLNAKETVEAWSARIKEQLGRFLDFEADGNPAKIKNNYDWIGPLDVITFLRDVGKHFSVNYMMAKESVQSRIETGISFTEFSYMMLQAYDFLRLYETEGCRLQIGGSDQWGNITAGLELIRKTKGEARAFGLTIPLVTKADGTKFGKTESGTIWLDKEKTSPYEFYQFWINTDDRDVIRYLKYFTFLSKEEIEALEQELREAPEKRAAQKTLAEEVTKLVHGEEALRQAIRISEALFSGDIANLTAAEIEQGFKDVPSFVHEGGDVPLVELLVSAGISPSKRQAREDIQNGAIYVNGERLQDVGAILTAEHRLEGRFTVIRRGKKKYYLIRYA,6.1.1.1
5AT1,MTHDNKLGVEAIKRGTVIDHIPAQIGFKLLSLFKLTETDQRITIGLNLPSGEMGRKDLIKIENTFLSEDQVDQLALYAPQATVNRIDNYEVVGKSRPSLPERIDNVLVCPNSNCISHAEPVSSSFAVRKRANDIALKCKYCEKEFSHNVVLAN,2.1.3.2
