Entry,Sequence,Ec number
WP_063460136,MAIPPYPDFRSAAFLRQHLRATMAFYDPVATDASGGQFHFFLDDGTVYNTHTRHLVSATRFVVTHAMLYRTTGEARYQVGMRHALEFLRTAFLDPATGGYAWLIDWQDGRATVQDTTRHCYGMAFVMLAYARAYEAGVPEARVWLAEAFDTAEQHFWQPAAGLYADEASPDWQLTSYRGQNANMHACEAMISAFRATGERRYIERAEQLAQGICQRQAALSDRTHAPAAEGWVWEHFHADWSVDWDYNRHDRSNIFRPWGYQVGHQTEWAKLLLQLDALLPADWHLPCAQRLFDTAVERGWDAEHGGLYYGMAPDGSICDDGKYHWVQAESMAAAAVLAVRTGDARYWQWYDRIWAYCWAHFVDHEHGAWFRILHRDNRNTTREKSNAGKVDYHNMGACYDVLLWALDAPGFSKESRSAALGRP,5.3.1.7
WP_063462980,VPTTFHEDGTLDLDSQKRCLDFMIDAGVDGVCILANFSEQFSLSDAEREVLTRTSLEHVAGRVPVIVTTTHYGTRVCAERSRAAQDMGAAMVMVMPPYHGATFRVPEAQIYEFYARVSDAIRIPIMVQDAPASGTVLSAPFLARMAQEIENLAYFKIEVPGAASKLRELIRLGGDAIEGPWDGEEAITLLADLDAGATGAMTGGAFPDGIRPIIEAHRQGDMDQAFALYQRWLPLINHENRQGGILTAKALMKEGGVIACEAGRHPFPAMHPEVRRGLVDIARRLDPLVLRWAR,4.2.1.43
WP_063462990,LIDCNIDMTQLFAPSSSSTDATGAPQGLAKFPSLQGRAVFVTGGGSGIGAAIVAAFAEQGARVAFVDVAREASEALAQHIADAGLPRPWWRVCDVRDVQALQACMADAAAELGSDFAVLVNNVASDDRHTLESVTPEYYDERMAINERPAFFAIQAVVPGMRRLGAGSVINLGSTGWQGKGTGYPCYAIAKSSVNGLTRGLAKTLGQDRIRINTVSPGWVMTERQIKLWLDAEGEKELARNQCLPDKLRPHDIARMVLFLASDDAAMCTAQEFKVDAGWV,1.1.1.48
WP_041412631,MCLGRRRCHMNNKKPKTLRSASWFGSDDKNGFMYRSWMKNQGIPEHHFQNKPVIGICNTWSELTPCNGHLRELAQRVKNGIREAGGIPVEFPVFSNGESNLRPSAMLTRNLAAMDTEEAIRGNPIDGVVLLVGCDKTTPALLMGAASCDLPTIVVTGGPMLNGKHKGKDVGSGTLVWELHQEYKAGNISLAAFMNAEADMSRSTGTCNTMGTASTMACMVETLGVSLPHNATIPAVDSRRQVLAHMSGMRIVDMVKEDLTLSKILSRDAFINAIKVNAAIGGSTNAVIHLKAIAGRIGVELSLDDWRHGYTVPTIVNLKPSGQYLMEDFYYAGGLPAVLRQLFEHDLLSKNTLTVNAASLWDNVKEAPCYNQEVIMSLENPLVENGGIRVLRGNLAPRGAVIKPSAASAHLMQHRGKAVVFESFDDYNARIGDPELDIDENSIMVLKNCGPKGYPGMAEVGNMGLPPKLLKKGIKDMVRISDARMSGTAFGTVVLHVAPEAQALGPLAAVQNGDMIALDTYAGTLQLEISDQELQARLAKLATVKSIPVNGGYLSLFKEHVLQADEGCDFDFLVGCRGAEIPAHSH,4.2.1.25
WP_011717048,MQLSVTQKSLQHAAFADELQLVTLTNSHGLEVVLSNYGASIWSVKLYGQAQEPISLSLGYQDIKDWVTNPYYFGITAGRVANRIGKAQFPLAGKTIQLVANEGNNQLHGGPKGLSHCTWQVEMLQDNDSVAAVFSITSPDGDQGFPGNLAITLEYRLNENNELTLNYQAVCDQTTPVCLTNHAYWNLASNKQQGILGHELSIQASHFLALDNEQIPTGELILVDDGAYDFKQPKLIATDIKQLTNGYDHYFVMDRNPDNKNSLQTIAVLKDPLSGRELEISTTEVGVQFYSGNFLDGSHIDDEGYSINQFHGLCLETHGYPNAVNIDHFPSVMLEANTQYQQITVHKFKNI,5.1.3.3
WP_011717064,MQTVTVGELLMTIPVGNRLGEGVLWDDLHQSIWWTDILSSVIYRFHLASRSLETFPMPHRVGSFGLTAKPTTLIVAFDIGIAIYDIEDQSLTWLAQPESHFAGNRFNDGRIDRQGRFWAGTMVEQRDTLQQTAALYCLDEKGHCHQHLTNLEISNGLCWSVDGRTLYHADSPKHQIYQYDFDIEQGLLSRKRLFASTSHHIFPDGSDVDAAGYLWNAQWGGGQVVRYRPDGEVDLILKLPVTHPTSIAFGGEKRDLLIVTSAKHSLDASQLDQEPQAGDVFIYPLQGIYGVNSPRFCGQL,3.1.1.15
WP_011717945,MGLVQTKDQQLFIGVDGGGSKCRATIYTADGTVLGTGVAGRANPLHGLAQTFASIEASTRQALLDAGMKETDSHLLVAGLGLAGVNVPRLYQDVISWQHPFAAMYVTTDLHTACIGAHRGADGAVIITGTGSCGYAHVGDDSLSIGGHGFALGDKGSGAWLGLKAAEHVLLALDGFATPTALTEMLLKHFGVSDALGIVEHLAGKSSSCYAELARSVLDCANAGDEVARGIVQEGADYISEMARKLFSLNPVRFSMIGGLAEPLQAWLGSDVVAKISETLAPPELGAMYFAQQQFNSVNINE,2.7.1.59
WP_014239822,MIPYTAPVDDLRFVLNEVVGLETVAALPNCDSAAPDLVDAVLEEAGKFASGVLAPLNRVGDKEGSVLENGVVRTPTGWKDAYSQFTESGWNSLPFEPEYGGQGLPWTVAFAVNEMWQAANLSFGLCPLLTQGAVDLLTEHASAEQKALYLPKMIAGEWNGTMNLTEPQAGSDLAAVRTRAVRADDGTYRITGQKIFITYGEHDLTDNIVHLVLARLPDAPPGIKGISLFIVPKFLPNADGTPGARNDLRCASLEHKLGIMASPTAVMAFGDDGGAVGFLVGQENRGIEYMFTMMNNARLGVGIQGVAIAERAYQQARDYAKGRVQSKDLADPKGSGVAIIRHPDVRRMLLDMRAKTEAARALALYAGTQLDVSRHHEDATVRAAATARVDILTPIVKAWSTDIGCDVASTGVQIHGGMGFIEETGAAQHYRDARITPIYEGTNGIHANDLTFRKTGRDGGESARTFIAEMRATVAELESIPGDDMEAIRTNLSAGLDALEQAVAWVVKTQADGDLRAAAAGAVNYLKLWGTVAGGWMLARSAAKALEGLRQPGANAPFLEAKLVTARFYAEQILAQGPGLLLPILTAHRTVMALSEDQF,1.3.8.7
WP_012431492,MTQSDPLHPANGAAAAPPVESFRSRDFLLSHVQDTLRFYAPNVFDPSGGFFHFFRDDGSVYDKTTRHLVSSCRYVFNYAMAYRQFGDPQHLEYARHGLRFLREAHWDAQHEGYDWEIEWRDGKKRTLDATRHCYGLAFVLLAYSHAAMAGIEEAKPMIGATFELMEHRFWDAAAGLYADEASPDWRVSSYRGQNANMHTTEALLAAHEATRHLVYLDRAERVASNITLRQAKLSQGLVWEHFHADWSVDWHYNEEDSSNIFRPWGFQPGHQTEWAKLLLILERFRPLPWLLPRAIELFDAAMAHAWDEDHGGLYYGFGPDGTVCDHDKYFWVQAETFATAALLGKRTGNERFWDWYDEIWRYSWAHFVDHEYGAWYRILTCDNRKYSDEKSPAGKTDYHTMGACYEVLAHALPDGAAAAPESAEQTK,5.3.1.7
WP_012431722,MGQYAAPLRDMQFVLHELLNVEAEIKQMPKHADLDADTINAVLEEAGKFCSEVLFPLNHSGDQEGCTYVGDGVVTTPKGFKEAYAQYVEAGWPALGCDPEYGGQGLPAFVNNALYEMLNSANQAWTMYPGLSHGAYECLHAHGTPELQQRYLPKLVAGVWTGTMCLTEPHCGTDLGILRTKAEPNSDGSYAISGTKIFISSGEHDLAENIVHLVLARLPGAPNGTKGISLFIVPKFVPNEAGEPGERNGVKCGSIEHKMGIHGNATCVINLDNAKGWLVGEPNKGLNAMFVMMNAARLGVGMQSLGLTEIGYQNSLTYAKERLQMRSLTGPKAPEKAADPIIVHPDVRRMLLTQKAYAEAARAFSYWSALHIDKELSHADESVRKEAADLVALLTPILKAFLSDNAFESTNHAMQIYGGHGFIAEWGMEQYVRDARINMIYEGTNAIQALDLLGRKILGDMGAKMKKFGKLVSDFVEAEGVKPEMQEFINPLADIGEKVQKLTMEIGMKAMQNPDEVGAAAVPYLRTVGHLVFSYFWARMARVALDKEASGDPFYKAKLATARFYFAKLLPETAMTIRQARAGSKSLMDVEEALF,1.3.8.7
WP_012434194,MTTQSTDHDQQNMTAIVCHAPKDYRVEQVSKPRAGAHELVIRIAACGICASDCKCHSGAKMFWGGPSPWVKAPVIPGHEFFGFVEEIGEGAADHFGVKMGDRVIAEQIVPCGKCRYCKSGQYWMCEVHNIFGFQREVADGGMAEYMRIPPTAIVHKIPDGISLEDAAIIEPLACAIHTVNRGEVQLDDVVVIAGAGPLGLMMTQIAHLKTPKKLVVIDLVEERLALAREYGADVTINPKQDDALAIIHSLTDGYGCDVYIETTGAPIGVNQGMDLIRKLGRFVEFSVFGADTTLDWSVIGDRKELDVRGAHLGPYCYPIAIDLLARGLVTSKGIVTHGFSLEEWDEAIKIANSLDSIKVLLKPRA,1.1.1.9
WP_012434361,MSSPANANVRLADSAFARYPSLVDRTVLITGGATGIGASFVEHFAAQGARVAFFDIDASAGEALADELGDSKHKPLFLSCDLTDIDALQKAIADVKAALGPIQVLVNNAANDKRHTIGEVTRESFDAGIAVNIRHQFFAAQAVMEDMKAANSGSIINLGSISWMLKNGGYPVYVMSKSAVQGLTRGLARDLGHFNIRVNTLVPGWVMTEKQKRLWLDDAGRRSIKEGQCIDAELEPADLARMALFLAADDSRMITAQDIVVDGGWA,1.1.1.48
WP_012434437,MTHPLFTKHEDTLQKALTAVETRGYWSPFVEMPSPKVYGETANADGEAAFKAHLNATFQLDQPSTGETVGAEVSPFGFPLGVRYPKAEPAALIAAAAAAQRDWRAAGPQAWIGVCLEILARVNRASFEIGYSVMHTTGQAFMMAFQAGGPHAQDRALEAVVYAWDQLRRIPGDTHWEKPQGKNPPLAMHKRYTVVPRGTGLVLGCCTFPTWNGYPGLFADLATGNTVIVKPHPGAILPLALTVRIARDVLREAGFDPNVVTLLATEPNDGALVQDLALRPEIKLIDFTGSTQNGTWLERNAHQAQVYTEKAGVNQIVIDSVDDIKAAARNVAFSLALYSGQMCTAPQNIYVPRGGIRTAEGTLSFDEVAQAIAGAVQKLVADPARAVELLGAIQNEGVTQRIDEAAKLGRVLVESLTLEHPAFAGARVRTPLVLQLDAATDHAQFTKEWFGPISFVIATDSTAQSLDLAGAIASEHGALTLSVYSTDEAVLDDAHEASIRGGVALSINLTGGVFVNQSAAFSDFHGTGANPAANAALADAAFVANRFRVVQSRVHVEPKAAPAVAG,1.2.1.3
WP_012434865,MADSNQTKKPLRSQAWFGLKDRDGFLHRSWMKNQGIPHDEFDGRPVIGICNTWSELTPCNAHFRELAEYVKKGVHEAGGLPLEFPVMSLGETNLRPTAMLFRNLASMDVEESIRGNPMDGVILLVGCDKTTPALLMGAASCNLPALAVSGGPMLNGRFRGKNIGSGTGVWQMSEEVRAGTMTQEEFTEAESCMNRSRGHCMTMGTASTMASMVESLGMGLPHNAAIPAVDARRQVLAHLAGRRIVDMVREDLTMDKILTRQAFENAIRTNAAIGGSTNAVVHLIALAKRIGVELSLEDWELGSNVPCLVNLQPSGEYLMEDFYYAGGLPAVLKQLGEQGLLHKEALTVNGKTLWDNVRNAANYDEKVITTFAEPFKPKAGIAVLKGNLAPNGAVIKPSAATASLLKHRGRAVVFENIEELHAKIDDESLDIDEHCIMVLKGAGPKGYPGFAEVGNMPLPKKVLQKGITDMVRISDGRMSGTAYGAVVLHVSPEAAAGGPLAFVQTGDMIELDVEERRLHLDVTDEELARRRAAWQAPEAPKRGYYKLYVEHVLQADQGADLDFLVGSSGAPVPRDSH,4.2.1.25
WP_012426462,MTQSSHPAAMRGVFPVAPTIFDDAGRLDLEGQKRCIDFMIDAGSNGLCILANFSEQFALSDDERNTLMHVVLEHVAGRVPVIVTTTHFSSYQCAERSRSAQAAGAAMVMVMPPYHGATIRIGERGIYEFYRTVSDAIGIPIMIQDAPVSGTPLSAPFLARMAREIDNVSYFKIEVPQAANKLRELIELGGDAIVGPWDGEEAITLMADLDAGATGSMTGGGYADGIRLIVDAYAAGDTEAAAAHYQQWLPLINYENRQGGLASCKALMKEGGVIRSDAVRHPLPQMHPATREGLLKVARRLDPLVLRWGR,4.2.1.43
WP_012426549,MSYRTEEVAYVQPAQPAASAQASQAAQQQRSTAEYRALDAAHHIHPFSDMGSLNRSGSRVIVKAQGVYLWDSEGNKVIDGMAGLWCVNVGYGRKELADAAYKQMQELPYYNTFFKTTHPPVIELSALLAELAPEAFNHFFYCNSGSEGNDTVLRIVHQYWATQGKHSKKFVISRKNGYHGSTIAGGTLGGMGYMHEQMPSKVENIVHIDQPYFFGEAQGNLTPEEFALARAQQLEAKILEIGADNVAAFIGEPFQGAGGVIFPASTYWPEIQRICRKYDILLVADEVIGGFGRTGEWFAHQHFGFEPDLITLAKGLTSGYVPMGAVGLHDRVAKAIIENGDFNHGLTYSGHPVAAAVAVANLKLLRDEKIVDRVKNDTGPYFQKQLRETFANHPIIGEISGTGLVAGLQLAQDPKARKRFANGGDVGTICRDFCFNGNLIMRATGDRMLLSPPLVINKLEIDEIVSKAKKAIDATAQQLGIS,2.6.1.19
WP_012426550,MHDIDDFLKKNRVTEIEAIIPDMAGIARGKIIPRSKFESGESMRLPQAVMIQTVTGDYPEDGTLTGVTDPDMVCVPDASTIRMIPWAVDPTAQVIHDCVHFDGTPVAISPRRVLRRVLELYKAKGWKPVIAPELEFYLVDMNKDPDLPLQPPIGRTGRPETGRQAYSIEAVNEFDPLFEDIYEYCEVQELEVDTLIHEVGAAQMEINFMHGDPLKLADSVFLFKRTVREAALRHKMYATFMAKPMEGEPGSAMHMHQSLVDEETGHNLFTGPDGKPTSLFTSYIAGLQKYTPALMPIFAPYINSYRRLSRFMAAPINVAWGYDNRTVGFRIPHSGPAARRIENRIPGVDCNPYLAIAATLAAGYLGMTQKLEATEPLLSDGYELPYQLPRNLEEGLTLMGACEPIAEVLGEKFVKAYLALKETEYEAFFRVISSWERRHLLLHV,6.3.1.11
WP_012428705,MTATIGSKIGQRRRIGRGPLQVTGLGLGTAPLGGLYRDLSDEEAHATIAAAWDAGVRYFDTAPHYGNTKAEHRLGDALRRYPRADYVLSTKVGRRFVPRTTPFDDKEGWQNPLPFEAIYDYTHDGILRSFEDSQQRLGIVDIDILLVHDIGRVTHGDNHPHYWRQLTEGGGFRALDALRSSGAIKAVGLGVNEGAAILDAMAEFDIDCALLAGRYTLLEQTTLDDLLPACEKRGVSILLGGAFNSGILARGVQGDLKFNYGEAPPEVIERVARLEAVCRTHGVPLAAAALQFPYAHPTVATVLTGARSADELRENAASFELPIPAALWFALREEGLLDSRAPAPED,1.1.1.173
WP_012428706,MPVAAQQPTLEGYLRGDGRKGIRNVVAVAYLVECAHHVAREIVTQFREPLDAFDDPSAEREPPVHLIGFPGCYPNGYAEKMLERLTTHPNVGAVLFVSLGCESMNKHYLVDVVRASGRPVEVLTIQEKGGTRSTIQYGVDWIRGAREQLAAQQKVPMALSELVIGTICGGSDGTSGITANPAVGRAFDHLIDAGATCIFEETGELVGCEFHMKTRAARPALGDEIVACVAKAARYYSILGHGSFAVGNADGGLTTQEEKSLGAYAKSGASPIVGIIKPGDIPPTGGLYLLDVVPDGEPRFGFPNISDNAEIGELIACGAHVILFTTGRGSVVGSAISPVIKVCANPATYRNLSGDMDVDAGRILEGRGTLDEVGREVFEQTVAVSRGAASKSETLGHQEFILTYKTFEPVGPACLPSSAAAQHRVVAIEPH,4.2.1.90
WP_085966746,MTSRLLPLQTDPRLILLSPADNCLIAAARLDCGTQVEIEGERVTLTRTIDLGHKVARHELAKDDKVLRYGAVIGHVTEAVARGAHLHTHNLESDYLPTYTHDAGHEFVHH,4.2.1.90
WP_043352074,MASTAHLDTYALDRLPPPQQWPAFLFNADTRYPERMNCALELVERHVREGRGERVAIRYEQDGAHRTVSYAELAALSNRIAHVLTGDMKLVPGSRVLLRGPNNLMMAACWLAVVKAGLIAVPTMPLLRAKELKQVIDRAAVSAALCDERLREELEANLKPGGEHHCPSLTQALYFNSSGAGSVEAAMANKPDGFEACDTAADDICLIAFTSGTTGQPKGTVHFHRDVIAMCDLFPRHVLKPGPDDIFCGTPPLAFTFGLGGILCFPLRVGASTVLAERLTPESLLALIQSWRATIVFTAPTFYRQMAALAPGYDLSSLQKSVSAGEALPDATRQSWKAATGIEMTDGIGGTEMMHIFISSAGADVRPGAIGKVVPGYIAQIVDEQMQPVPHGTVGKLAVRGPTGCRYLDDPRQANYVKDGWNLPGDTFKADADGYYYYQARSDDMIVSAGYNIAGPEVESALMRHEAVAECGVVGMPDPERGQIVAAYVVLRPGVAASDETCAALQSYVKAEIAPYKYPRKVIFVDALPRTETGKLQRFRLRQMAEQSGAPEGARQP,6.2.1.32
WP_043349422,MNAPHEVSLVADDARRSALLAGLAKILPDAALLWKPEDTVPYECDGLAAYRQVPMAVALPDNEDQVCAILRLCHSLQVPVVPRGAGTSLSGGAMPIATGLVLSLAKFKRIVSVDVRSRTAVVQPGVRNLAISEAAAQYNLYYAPDPSSQIACTIGGNVSENSGGVHCLKYGLTVHNVLRVRAVTMEGDVVEFGSEAPDAPGLDLLAAVIGSEGMLAVVTEVSVKLIPKPQLAQVIMASFDDVAKGGNAVADVIGAGIIPAGLEMMDKPATAAVEEFVRAGYDLDAAAILLCESDGTPEEVAEEVERMSEVLRASGASRIQVSQSEPERLRFWSGRKNAFPAAGRISPDYYCMDGTIPRKHIGTLLKRIEEMERKYGLRCMNVFHAGDGNMHPLILFDGADQDEWHRAELFGSDILESCVELGGTVTGEHGVGVEKLNSMCVQFSAQERDLFFGVKAAFDPARLLNPDKAIPTLARCAEYGRMHVKRGLLPHPDLPRF,1.1.3.15
WP_043349427,MPATPADQQATLTAFRDAIRHATGTRTPLRLRGGGSKDFYGQHPQGTLLDTRAYSGIVDYDPPELVITARCGTPLAQIEAALAERRQMLAFEPPHFSTGADGSDVATIGGAVAAGLSGPRRQAVGALRDFVLGTRVMDGRGDVLSFGGQVMKNVAGYDVSRLMSGSLGTLGLILEVSLKVLPVPFDDATLRFALDEAAALDRLNDWGGQPLPIAASAWHDGVLHLRLSGAAAALRAARARLGGEAVDAAQADALWRALREHSHAFFAPVQAGRALWRIAVPTTAAPLALPGGQLIEWGGGQRWWLGGSDSAADSAIVRAAAKAAGGHATLFRNGDKAVGVFTPLSAPVAAIHQRLKATFDPAGIFNPQRMYAGL,1.1.3.15
WP_043349430,MQTTLAEFLRDTPDGEEAKSIVGKCVHCGFCTATCPTYQLLGDELDGPRGRIYLMKQVLEGQPVTQSTRLHLDRCLTCRNCESTCPSGVKYGRLVDIGRKVVDDRLEAQGIQRPARERFARWALRETMTRPALFGTAMRMGQRVRPLLPQALRNKVPQAVDAGAWPRTTHARKMLLLDGCVQPSMSPNINAATARVFDRLGVQLVMAREAGCCGAVRYHTGDHDGGLDNMRRNIDAWWPAVQAGAEAIVMTASGCGVMVKEYGHLLRNDAHYADRARQISALTKDLSELLPNFADALQDAAAEAGSSKGTNGTDGQRVAYHPPCTLQHGQQIRGKVEALLTGLGVDVKLCADSHLCCGSAGTYSVLQPALSYRLRDEKLANLQALKPEAIVSANIGCITHLQSGTGTPVMHWIELVDRMLG,1.1.3.15
WP_043354857,MTKPARVLIIGANGQLGTELASALADRYGKQNVVTSDMVPHGRHLHLTHEMLDVTDRAHLRDVIERHGITQIYHLAAALSATGEKSPTWAWQLNMNGLLNVLEAARHQKLDKVFWPSSIAAFGPTTPPDGTPQSTIMEPKTVYGISKLAGEGWCRWYFENHGVDVRSLRYPGLISYKTPPGGGTTDYAIDIFHSALRAQPYACFLEKDEALPMMYMPDAVRATMELMEAPRASISERGSYNLAGLSFTPGEIANEIRRHCPGFDVRYEPDFRQEIAAGWPDSIDDSVARRDWNWRPEFGLKEMVADMLKNLATLNQGSALECVS,1.1.1.103
WP_012179094,MTRHVAVIDIGKTNAKLALVDRQSLTEISVITRPNTVLPGPPWPHFDVDGHWAFLLDGLRDFQARHGIDAISITTHGACAALLQKDGALAAPILDYEHPGPDDTALAYDALRPPFSETGSPRLAGGLNIGAQLFWQFHTDPALRDRTRQIVTYPQFWGAKLTGVTATDVTSLGCHTDLWNPHAGAVSSLVDRLGLTGKLAPVRKPHDILGPVLPAVAAQTGLAPGTPVHCGIHDSNASLLPYVLTQTSPFSVISTGTWVVAMSVGGRPVVLDPDLDTLINVTALGQPAPSARFMGGREHDLATEGTGPPPSAQDLDHILSRQILLLPAVVPDTGPFKGQASRWEGDAPAPGTGARGAAVALYLALVTAECLSNIGHAGKIIVEGPFAGNRLYLEMLSVAMEADVVRASGTTGTSAGAALLAGGDAGAPPRPDSLVALPAASKTRLRHYAAHWRQRARRRTP,2.7.1.5
WP_012179101,MLKSLETQLLESRWDDEVAKGMSESELLLYRSNILGADKRVTNYGGGNTSAKVMEADPLTGAQVEVLWVKGSGGDIGSIKMDGFATLYMDKLRALKGLYRGVAFEDEMVSYLPHCTFRLNPRAASIDTPLHAYVPRKHVDHVHADAIIAIAASDNSKELTQEIFGNRIGWLPWKRPGFELGLWLEKFCRENPEADGVVLESHGLFTWADTAKECYDQTIDVINVATRWLAERSAGVPAFGGAIHESLPAAARREVAARLMPAIRGFVSDNQHMVGHFNDSDAVLEFVNARDMEALAALGTSCPDHFLRTKIRPLVVPFDPAQNNILAVLSELPDQVAAYREAYAAYYARCKHDDSPALRDPNAVVYLVPGVGMITFAKDKATARISGEFYVNAINVMRGASAVSTYQGLPEQEAFDIEYWLLEEAKLQRMPKPKSLAGRVALVTGGAGGIGAATAERFLAEGACVVLADINEDSLASTQERLSERFGADVVRSVVMNVTREEAVAAAFAEASVEFGGVDILVSNAGIASSAPIEETSLALWNKNMDILSTGYFLVSRAAFKLMRVQDMGGAVVFVASKNGLAASPNAAAYCTAKASEIHLARCLALEGAEAGIRVNVVNPDAVLRGSKIWEGDWLEQRAGTYGTDKDGLEEMYRQRSLLKRSVLPEDIAEACYFFAADASSKSTGNIINVDAGNVQAFTR,4.1.2.19
WP_066580460,MRSLAFALTLLAGTVASAQTAAPAELRARAAETEVLYFLLPDRFENGDPSNDRGGLRGDRLTTGFDPAHKGFFHGGDLKGLIRRLDYIQSLGASAIWLGPIYKNKPVQGGPGQETAGYHGYWITDFTRVDPHFGTNDEMKAFVDAAHARGIKVYLDIITNHTADVIQYRECPKSACDYRSRADYPYQRKGGVKGAAINPGFAGDGVQTPENFAKLSDPNYAYTTVVPEAERTVKVPAWLNDPIHYHNRGNTTFRNESSTMGDFVGLDDLMTESPRVLQGFIDIYGAWIDQFGIDGFRIDTARHVNPEFWQGFSKAMIERAKARGIPNFHIFGEVANEGDVGDLALHTRVHQLPSVLDFGFRAAVQHTVAGEKGPDMLAAMFDRDALYEGGAEAALRLPTFISNHDHGRFSTDVRKAFPKASDDEVLARVKLAHAMLLLLRGVPTIYSGDEQGFVSDGNDQDAREDMFPSKVAIYNDNRLLGTDKTTADSNFDTGHPLYMEISKLSAIRKATPALSRGRQVTRAYDEKPGLFAVSRFDPASGAEVLVAFNTSAAPITRQVEVGVSSTAFAPLVGQCAASASAPGSVTVTLPAFGYVACVAAGGAK,3.2.1.20
WP_066581977,MKKLAILLTAAAVLASAASAQQADVRPGYHYGPARNWMNDPNGLVYYDGEYHLFYQYNPHGDRWGHMNWGHAVSRDLVNWEELPVAIPETDVMAFSGTAVIDWNNTTGFGKNGKPPMIAIYTGHDPKTERQSQYLAYSNDRGRTFTIHGEVLNAGNEKHFRDPKVFWHAPTRRWVMVVLKAAANTAEIYTSPNLKDWTHRSSFGPAGGRGKFWECPDLFELPVEGGAPGETRWVLSINLGDNAIGGGSGGQYFVGDFDGEKFTLVPGWPAAPQWMDYGADFYATISWNDMPKGDPRRVWMGWANDWRYAEAIPTWPARGIMTVARTVALRKTAEGYHLLQAPVRELATLRGTPQRAPALALSETPVPLPIEGGKADIELELDTGTADQVSIALTDGQGWQTRIGVNPTVNEVFVDRTRSGPHFHDGFANRHVAPVDLKSRKVKLRVLADESIVEVFVNDGRQTITDRFYRGGGALTWSATARGGKATMNLTAWPMRSMESRK,3.2.1.26
WP_066578892,MTQPAAASAAAVYPSLKGKRVLVTGGGSGIGAGIVEGFARQGADVTFFDIAGAESQLLVERLSADGHKACFERVDLTDVASLQAVIARLIKGAGGFDILVNNAANDDRHAIDEITEAYWDERLSVNLKHIFFCAQAVVPAMRARGGGAIVNLGSISWHLGLSDLVLYQTCKAAIEGLTRSLARDLGRDGIRATCVIPGNVRTPRQLKWYSPEGEAEIVAAQCLDGRLAPEDVAAMVLFLASDDARLVTGHSYFVDAGWR,1.1.1.175
WP_066578896,MELTGGLFIGGERRQSDARFHAYDPAAGADIADAGFASASEQDVADACAAAEAAFLPYSTKPLEARARFLETIADEIEALGDVLIERACRESGLPAARITGERGRTVGQLRLFAKEVRDGAWQKLRIDHADRERTPPRPDLRLRMVPLGPVAVFGASNFPLAFSTAGGDTASAFAAGCPVVVKGHRAHPGTAELIATAIIRAVETCGMPAGTFGMVNGTSRKVGETLVADPRIQAVGFTGSRGGGEALMRIAAARPRPIPVYAEMAAINPVILMPQALKARGPALAEAFVASLAMGAGQFCTNPGLVMGIDGPELDAFVARAGEVLSGQAAQVMLTDGIWEAFESGKAKLAGSAFVTKVAEGVEADGPNRGRAALFSVAGKDFLADPVHLHEVFGVSSVVVRCASLEELKAVLGELEGQLTATLQVDEGDYPEAQALLPVLERTVGRVIANGWPTGVEVTHAMVHGGPYPSTSDPRSTSVGTLAIDRFLRPVSYQDLPEALLPAALRENAQAGTVARIDGSWTI,1.2.1.26
WP_041645374,MRFVLNEVFDAPALWASLPKVAEHVDPETADAILEEAGKISSGVLAPLNREGDEQGCKWNDGEVTSPEGFKEAYQTIVEGGWNGLGGNPDFGGMGMPKTLVAQFEEMMQGANMAFGLAPMLTAGACLALDAHGSDELKEKYLPNMYSGVWSGAMDLTEPHAGTDLGIIRTKAEPNDDGSFNVTGTKIFITWGEHDMAENIIHLVLAKLPDAPKGPKGISMFLVPKFLVNDDGSLGERNSFSCGSLEKKMGIKGSATCVMNFDGAKGWLVGEENKGLAAMFTMMNYERLGVGIQGIGAAEASLQSAREYALDRIQSRAPTGAQQPEKAADPILVHPDVRRMLLTMKSYVEGGRTFSTYVAQWLDIAKFAEDDERRKHAEGMVALLTPVAKAFLTDRGLDTCIMGQQVFGGHGFIREWGQEQLVRDCRITQIYEGTNGIQALDLMGRKVVGTQGKLYELFAQDVANFLEENSGNDHLRPFLEPLAAAVERLDDVTEHVIKQAGDNPNAIGAASVDYLDLFGLTALGYMWAKIVKAAAPQADSDTSGFYSGKLKTARFYFDRLLPKTVSLAEGIRSGSDSMMALTAEEF,1.3.8.7
WP_014576347,MFEALQPLPQDPILQLMQTFLEDDRPDKVDLGIGVYKDDAGNTPIMAAVHEAERRLLEGETTKSYVGPAGSAGFNSAMAELILGSNSPLVRDGRVSVIQTPGGCGALRMAAEFLRLCKADTKVWVSTPTWANHLPLLGGAGLTIREYPYLNPETLQVDFGAMLETLERADAGDVVLLHGCCHNPSGADLSLAQWQEVTSLIQRKGLLPFVDMAYQGLGEGLDADAAGLRHLASAVPEMLIAASCSKNFGLYRERTGALALVSETATVNAAATSQLLSVIRSHYSMPPAHGASIVETILGDDDLRAQWQQELNGMCKRILHLRHAFADALSPVGDFDFIARQRGMFSFLGISPEQVGRLRKEHGIHMLESSRVNVAGLNDHVLPQVASALREVLGK,2.6.1.57
NP_719054,MGLVQTNDQQLFIGVDGGGSKCRATIYTADGTVLGTGVAGRANPLHGLAQTFESIEASAHQALLDAGMKATDSHLLVAGLGLAGVNVPRLYQDVVNWQHPFAAMYVTTDLHTACIGAHRGADGAVIITGTGSCGYAHVGDASLSIGGHGFALGDKGSGAWLGLKAAEHVLLALDGFATPTALTEMLLSHLGVKDALGIVEHLAGKSSSCYAQLARNVLDCANAGDQVAIAIVQEGADYISEMARKLFMLNPVRFSMIGGLAEPLQAWLGSDVVAKISETLAPPELGAMYYAQQQFNSATV,2.7.1.59
WP_014879948,MAKVAFLGLGVMGYPMAGHLAAAGHEVTVYNRTAAKAEAWAKEHGGTAAATPREAAAGAEFVMACVGNDDDLRSVCLGDTGAFGGMGAGAIFVDHTTVSAKVTRELNAAAADLGLSFVDAPISGGQAGAENGVLSVMCGGDQAAYDKAEPVIGSYARICRRIGDSGAGQMTKMCNQIAIAGLVQGLSEALHFAEKAGLDGRAVVEVISQGAAGSWQMANRHETMLDDHFDHGFAVDWMRKDLGICLDAAEETGASLPVTALVDQFYKDVQKLGGGRWDTSSLFKRLKAFE,1.1.1.60
WP_014880051,MSQLQAPGAVVMIRPHHFCSNPETRDDNAFQTLADDTADVTSAQAQAEFDGAVTALRGAGVSVHVFDDTGTETPDSVFPNNWFSTHAGGHVAVYPMYAANRRKERRWDVIELLKRDYRVQDVIDYSGLEQDGLALEGTGAMVLDHIGRIAYTVKSNRADPVLLERFCTHFNFEPMVFEARDAQGRDVYHTNVLMGIGTDYALICLDMITDPTRRAEVAARLEETGRRVIDLTPEQIAGFAGNALELTGHSRLLALSSRAAEVLRADQITIIERSATLLPLSIPTIETAGGSVRCMLAAIHLSPRERTQS,3.5.3.6
WP_014880077,MSTHSAVGDLSAPGVWLEDTGHQAYLIADARRQLDFFAGSLRAEPGFHTLDAAGRPLPDDKQELHTTTRLVHSYALAHICGYAGAEQMIDHGMAYLNSHHRDQIHGGYLWALSGDAIADDRKLAYGHVFVLLAAASAKLAGHPGADALLSDVAEVLDQRFWETGPKRFADEWNRDWTPFSTYRGMNANMHGVEALLTAYEATGETVFLDRAGHILDFFVDEVAAAESWRLPEHYTETWQIDRTYAGDPMFRPAGTTPGHSFELGRLMLQHWDLAGRRDTGAPTRARSLIEQALADAWLVDGGFAYTLDFEGKVAMRNRFWWPVTEAIGAVATLVKLDGRVEDEQWYRRLWGFAQAHFIDEDRGGWYPEIDGNGQVTRTIFTGKPDIYHALQACLLPLGALPLGHVAGLKKLSAPLLS,5.3.1.7
WP_014880980,MTDSRFPYLIAVDGGGTSCRFALLKSGATPPQQLVVTGGSANVYTAPDQAVETLSAGLADLQRQSGLTDEVFHQIPVYAGLAGVIDGESAARVAEALPQAHVRVEDDRMPAVVGALGEDTASLIGVGTGSFLGRQVAGQVTLIGGHGTVLGDEASGGWLGRRALQLTLQAAEGIEPMTPLLRSCLRDFSNETAKIVRFAQTARPVAFGAYAPRVAKAAVEGDAAGRRLMAEGAEYLCNGLQALGRRPEEPVYHIGGVAAQYAAYLPADVADYLRGAEGSPLDGALELARRFAREIAQEVV,2.7.1.59
WP_014881125,MQTTFSEKQLRDPGTQRANEILRSCVHCGFCTATCPTYQVLGDELDSPRGRIYLIKDMLENERVPDAKTVKHIDRCLSCLACMTTCPSGVHYMHLVDHARAYIDKHYNRPWSDRALRWLLARILPYPGRFRLALIGAKLAQPFKRLVPDARLRAMLDMAPRHIPPVSRNDDPQSFAAKAPRRKRVALMTGCAQKALNTDINDATIRLLTRLGCEVVVAAGAGCCGALTHHMGREEESHATAAKNIRAWTDEIDGQGLDAIVINTSGCGTTVKDYGHMFRNDALAEDAARVSAIAMDISELLMQLDLPEGEDKETTVAYHAACSLQHGQQIKTHPKTLLKRAGFTVVEPADSHLCCGSAGTYNLLQPEISAELKARKVTSLEARQPDLIAAGNIGCMMQIGSATDIPILHTVELLDWATGGPKPRALVAGGPGADPRAGEIPILR,1.1.3.15
WP_014881126,MTPQSEAELAQIIVGATAPLAVSGGGTRGLSTGGETLSVAGLNGVTLYEPGALTLVVQAGTSVEEVQALLAGENQRLAFEPMDHRGLLGTKGTPTIGGVFAANVSGPRRIQCGAARDFLLGVRFVDGRGDVLSNGGRVMKNVTGYDLVKLMAGSHGTLGVLSEVSLKVLPCSEACATVTVHVADLTSAVAAMSTALGSPYDVTGAAYDPEAGAVYIRVEGFEASVTYRAEALKMALGKFGEVSLALGAGDALWEGIRNVAAFHDRPGDVWRISVKPSDAVALAPALEAEGLLFDWGGGLIWALVPAGRDLRFRLTVPGHATLVRASAQTRAELGQFQPQPGPLAAISGGLRRQFDPRGILNPGLMG,1.1.3.15
WP_014881127,MEMPIPDQTVLSQKTELALRLAAVLPDDALVQDPAETRAYECDALTAYKCPPMLVVLPRTTKEVSDVLRICHAAGVPVVPRGAGTSLAGGALPTADCVILGVARMNAVLETDYDNRIIRVQTGRTNLSVSGAVEEEEFFYAPDPSSQLACAIAGNIAMNSGGAHCLKYGVTTNNLMGVTMVMMDGTVVEIGGAHLDAGGLDLLGVICGSEGQLGVVTEATLRILRKPEGARPVLIGYDSNEVAGACVSDIIKAGVLPVAIEFMDRPCIEACEAFAKAGYPMCEALLIVEVEGSDAEIDHQLRLITEIARSHNPVELREARDSDEAARIWLGRKSAFGAMGQINDYMCLDGTIPVTSLPHVLRRIGEMSKEFGLDVANVFHAGDGNMHPLILFDANKPGDLETCEAFGAEILKLCVEVGGCLTGEHGVGIEKRDLMLDQYGVADIEAQLRVKDVFDPKWLLNPAKVFPLSTTQSRRTPAVTPL,1.1.3.15
WP_014879336,MTIATLAEVLQPALRDGYAVAGLVTLGWEDMRAYVAAAEAEGVPVILQAGPSCRVHTPLPILGKMFRHLAEGASVPVVAHLDHGYTAEDCRIAIDSGFTSVMFDGSRNALDDNIAETAAIAGMAHAAGVSCEGEIGFVGYSGGEGSAGTDPEEARRFAQETGVDAMAISVGNVHLQQDKEGGLDIDRIRAIEAITEVPLVIHGGSGVPVAQRRMLARESRICKFNIGTELRMVFGAAMRDAVNSDPDRFDRVSILSETHDPVVAAARSVLRAFKGETQC,4.1.2.29
WP_014879339,MVCGRVDLILRDVESQDTSFATGCKLNLMVWEARMTEIGIGILGGGYMGKAHAVAMAAVGAVFDTALRPRLEMVCATSPVSAERYRKAYGFQRATDDWQVLVNDPKVEAIVIASPQQTHRVVAEAAFALGKPVFCEKPLGASLADSRAMVAAAQSSGCPNMVGFNYIRTPASQYARQLIADGLIGEVTWFRGEHTEDFYADPDAPATWRTEGEANGTMGDLAPHMINGAMALIGPIAELIAEVETVHTDRPGGRVTNDDQGQLMCRFANGAMGQMFFSRIATGRKMGYAYEITGTKGAIRFDQEDQNALWLYLSEGDEATRGFRKILTGPAHPDYLPFCQGPGHGTGYQDQILIEARDFLRAIETQTPVWPTFEDGMAVNQVIAAAMAASEARSWQTVSTF,1.1.1.18
WP_014235627,MSQRPFKVLGIQQIAIGGPSKDKLKTLWVDMLGLEVTGNFVSERENVDEDICAMGKGPFKVEVDLMQPLDPEKKPAVHTTPLNHVGLWIDDLPKAVEWLTANGVRFAPGGIRKGAAGFDICFLHPKGNEESPIGGEGVLIELVQAPAEVVDAFAKLAG,5.1.99.1
WP_063341556,VADAKRYDNYINGEWVSGADYSANINPSELTDTIGDYAKADLAQVHAAIDAARAAFPAWSTSGIQARHDSLDKVGTEILARREELGTLLAREEGKTLPEAIGEVTRAGNIFKFFAGECLRLSGDYLPSVRPGVNVEVTREALGVVGLITPWNFPIAIPAWKIAPALAYGNCVVLKPADLVPGCAWALAEIISRAGFPAGVFNLVMGSGRVVGDALVQSPKVDGISFTGSVGVGRQIAVSCVSRQAKVQLEMGGKNPQIILDDADLKQAVELSVQSAFYSTGQRCTASSRFIVTAGIHDKFVEAMAERMKSIKVGHALKTGTDIGPVVSQAQLEQDLKYIDIGQSEGARLVSGGGLVACDTEGYFLAPTLFADSTAAMRISREEIFGPVANIVRVADYEAALAMANDTEFGLSAGIATTSLKYANHFKRHSQAGMVMVNLPTAGVDYHVPFGGRKGSSYGSREQGRYAQEFYTVVKTSYIGS,1.2.1.26
WP_007897683,MNGVVRGKRIERTSLHKVYEKGINLPASLFALDINGSTVESTGLGLDIGDADRICYPIPDTLCNEPWQKRPTAQLLMTMHELEGDPFFADPREVLRQVVAKFDEMGLTICAAFELEFYLIDQENVNGRPQPPRSPISGKRPHSTQVYLIDDLDEYVDCLQDILEGAKEQGIPADAIVKESAPAQFEVNLHHVADPIKACDYAVLLKRLIKNIAYDHEMDTTFMAKPYPGQAGNGLHVHISILDKDGKNIFASEDPEQNAALRHAIGGVLETLPAQMAFLCPNVNSYRRFGAQFYVPNSPCWGLDNRTVAIRVPTGSSDAVRIEHRVAGADANPYLLMASVLAGVHHGLTNKIEPGAPVEGNSYEQNEQSLPNNLRDALRELDDSEVMAKYIDPKYIDIFVACKESELEEFEHSISDLEYNWYLHTV,6.3.1.11
WP_063341172,MAEPLSLPPVPEPPKGERLKNKVVLLTGAAQGIGEAIVATFASQQARLVISDIQGEKVEKVAAHWREQGADVVAIKADVSRQQDLHAMARLAIELHGRIDVLVNCAGVNVFRDPLQMTEEDWHRCFAIDLDGAWYGCKAVLPQMIEQGIGSIINIASTHSTHIIPGCFPYPVAKHGLLGLTRALGIEYAPKGIRVNAIAPGYIETQLNVDYWNGFADPHAERQRAFDLHPPRRIGQPIEVAMTAVFLASDEAPFINASCITIDGGRSVMYHD,1.1.1.48
WP_063343423,MTNTSPFNRLLLTGAAGGLGKVLRERLRPYANVLRLSDIANMAPAIDDREEVVPCDLADKQAVHQLVEGVDAILHFGGVSVERPFEEILGANICGVFHIYEAARRHGVKRVIFASSNHVIGFYKQDKTLDAHSPRRPDSYYGLSKSYGEDMASFYFDRYGIETVSIRIGSSFPEPQNRRMMSTWLSFDDMTQLLERALYTPNVGHTVVYGMSANKSVWWDNRFAAHLGFAPQDTSEVFREKVEAQPMPAEDDPARVYQGGAFVAAGPFGD,1.1.1.203
WP_063343491,MRLVQFELSHGERRVGVVEDGLVREVRDARSVRDLALAAIEAGVNLEQQVQTLGLGISHDYSALLANLQILPPLDHPDPAHMLVSGTGLTHLGSASARDKMHQQAGDETAMTDTMRIFKWGVEGGKPATGQVGVQPEWFYKGDGSIVVRPGKPFPLPPFAEDAGEEPELSGLYVIGHDGKPYRLGFAVGNEFSDHVMERKNYLYLAHSKLRSCSYGPELRVGELPQHLAGTSRILRDGEVLWQNEFLSGEANMCHSLENLEYHHFKYSQFLRPGDVHIHFFGTATLSFADGIRTQPGDVFEISQAEFGAPLINGIEPVEAAFEPGTVGTL,4.2.1.43
WP_063340417,MQRYAQKLHHLLRSLLLLSLITATSAQAAEKIDLIIDTDPGADDVVALLFALASPDELNIRALTTVAGNVRLDKTSRNARLAREWAGREEVPVYAGAPKPMMRTPIYAENIHGKEGLSGVTVHEPKKGLAEGNAVNYLIDTLKTAKPHSITIAMLGPQTNLALALIQEPEIVQGIKEVVIMGGAHFNGGNITPVAEFNLFADPQAAEVVLKSGVKLTYLPLDVTHKILTSEARLKQIAALNNNASKLVGDILNEYVKGDMEHYGIPGGPVHDATVIAYLLKPELFTGRSVNVVVDSREGPTFGQTIVDWYDGLKAPKNAFWVESGDAQGFFDLLTQRLSRLK,3.2.2.3
WP_057713727,MAEPLSLPPVPEPPRGERLKNKVVLLTGAAQGIGEAIVATFASQQARLIISDIQGEKVEKVAAHWRDQGADVVAIKADVSRQQDLHAMARLAIDLHGRIDVLVNCAGVNVFRDPLEMTEEDWRRCFAIDLDGAWYGCKAVLPQMIEQGIGSIINIASTHSTHIIPGCFPYPVAKHGLLGLTRALGIEYAPKGVRVNAIAPGYIETQLNVDYWNGFADPHAERQRAFDLHPPRRIGQPIEVAMTAVFLASDEAPFINASCITIDGGRSVMYHD,1.1.1.48
WP_057714593,MSSAPNTAAVEKGTAPKGASLVRDVSLPALVLHREALEHNIRWMQAFVSDSGAELAPHGKTSMTPALFRRQLDAGAWGITLASATQTRAAYAHGVRRVLMANQLVGTPNMALIADLLADPTFDFYCMVDHPDNVADLGAYFASRGVRLNVMIEYGVVGGRCGCRSEQQVLDLAKAIAAQPALALTGIEGYEGVIHGDHAVTGIRDFAASLVRLAVQLQDSGAFAIPKPIITASGSAWYDLIAESFEAQNAAGRFLSVLRPGSYVAHDHGIYKEAQCCVLDRRSDLHEGLRPALEVWAHVQSLPEPGFAVIALGKRDVAYDAGLPVPLLRYKAGVVPAEGDDVSVCKVTAVMDQHAFMTVAPGVDLRVGDIISFGTSHPCLTFDKWRVGCLVDEQLNVIETMETCF,4.3.1.9
WP_057714718,MHDIELSEEQVMIRDMARDFARGEIAPHAQAWEKAGWIDDGLVAKMGELGLLGMVVPEEWGGTYVDYVAYALAVEEISAGDGATGAFMSIHNSVGCGPVLNYGSEEQKQTWLADLASGQVIGCFCLTEPQAGSEAHNLRTRAELRDGQWVINGAKQFVSNGKRAKLAIVFAVTDPDLGKRGISAFLVPTDTAGFIVDRTEHKMGIRASDTCAVTLNNCTIPEANLLGERGKGLAIALSNLEGGRIGIAAQALGIARAAFEAALAYSRDRVQFGKAINEHQSIANLLADMHMQLNAARLMILHAARLRTAGKPCLSEASQAKLFASEMAEKVCSSAIQIHGGYGYLEDYPVEKYYRDARITQIYEGSSEIQRMVIARELKNYLI,1.3.8.1
WP_057715016,MRLVQFELSNGERRVGVVEAGLVREVQDTRTVRDLALAAIEASASLEQQVQSLGLGISHDYAELLTQRRILPPLDHADPAHMLVSGTGLTHLGSASARDKMHQQSGDETAMTDTMRIFKWGVEGGKPAVDEAGVQPEWFYKGDGGIVVRPGQPFPLPPFAEDAGEEPEIAGLYVIGHDGKPYRLGFAVGNEFSDHVMERKNYLYLAHSKLRSCSYGPELRVGELPQHLAGTSRILRDGEVLWQNEFLSGEANMCHSLANLEFHHFKYSQFLRPGDVHIHFFGTATLSFADGIRTQPGDVFEITQAEFGAPLINGIAPVAAAFEPGTVGTL,4.2.1.43
WP_057715924,MHFDAIGRVPGDPILGLMEAYAQDPNPRKFDLGVGVYKDAQGLTPILESVKLAEQRLVDHQSTKTYIGGHGEPAFGKAINELVLGADSKLISAQRAGATQTPGGTGALRLSADFIAQCLPGRGVWLSNPTWPIHETIFAAAKVKVSHYPYVGSDNRLDVDGMLAALNEAPKGDVVLLHACCHNPTGFDLSQDDWQRVLEVVRKRELLPLIDFAYQGFGDGLEQDAWSTRLFAAELPELLITSSCSKNFGLYRDRTGALIVCAKTADKLVDIRSQLANIARNLWSTPPDHGAAVVATILGDPELKRLWADEVEAMRLRIAQLRSGLVEALEPHGLRERFAHIGVQRGMFSYTGLSPEQVKNLRDHHSVYMVSSGRANVAGIDATRLDLLAEAIASVCK,2.6.1.57
WP_053163627,MSVPPRAVQLNEANAFLKEHPEVLYVDLLIADMNGVVRGKRIERTSLHKVYEKGINLPASLFALDINGSTVESTGLGLDIGDADRICYPIPDTLCNEPWQKRPTAQLLMTMHELEGEPFFADPREVLANVVRKFDEMGLTICAAFELEFYLIDQENVNGRPQPPRSPVSGKRPHSTQVYLIDDLDEYVDCLQDILEGAKEQGIPADAIVKESAPAQFEVNLHHVADPIKACDYAVLLKRLIKNIAYDHEMDTTFMAKPYPGQAGNGLHVHISILDKDGKNIFASEDPEQNAALRHAIGGVLETLPAQMAFLCPNVNSYRRFGAQFYVPNSPCWGLDNRTVAIRVPTGSADAVRIEHRVAGADANPYLLMASVLAGVHHGLTNKIEPGAPVEGNSYEQNEQSLPNNLRDALRELDDSEVMAKYIDPKYIDIFVACKESELEEFEHSISDLEYNWYLHTV,6.3.1.11
WP_054594340,MADYKAPLRDMRFVLNEVFEVAKLWAELPALADTVDAETVEAILEEAGKVTSKSIAPLSRAADEEGCHWSDGAVTTPAGFPQAYQTYAEGGWVGVGGDPSYGGMGMPKAVSAQVEEMVNSASLSFGLYPMLTAGACLSINAHASEELKAAYLPNMYAGVWAGSMCLTEPHAGTDLGIIRTKAEPQADGSYKVSGTKIFITGGEHDLTENIIHLVLAKLPDAPAGPKGISLFLVPKFMVNADGSLGARNPANCGSIEHKMGIQASATCVMNFDEAVGYLVGEPNKGLAAMFTMMNYERLGVGIQGLASGERSYQNAVEYARDRLQSRSPTGAQNKDKVADPIIVHPDVRRMLLTMKASNEGGRAFSTYVAMQLDTAKFSEDATIRKRAEDLVALLTPVAKAFLTDLGLETTIHGQQVFGGHGYIREWGQEQLVRDVRITQIYEGTNGIQALDLVGRKIVGSGGAYYKLFADEIRHFTATASADLAEFTKPLNDAVDTLDELTAWLLDRVKNNPNEIGAASVEYLQVFGYVSYAYMWALMAKAAFGKEAQDDFYASKLGTARFYFARLLPRFHSLSASVKAGSESLFLLDAAQF,1.3.8.7
WP_054594536,MTSKNPQTREWQTLSSEHHLAPFSDFKQLKEKGPRIITNAKGVYLWDSEGNKILDGMAGLWCVAIGYGRDELADAASKQMRELPYYNLFFQTAHPPVLELAKAISDIAPEGMNHVFFTGSGSEGNDTMLRMVRHYWAIKGQPNKKVIISRINGYHGSTVAGASLGGMTYMHEQGDLPIPGIVHIPQPYWFGEGGDMTPEEFGIWAANQLEEKILELGVDTVGAFIAEPIQGAGGVIIPPDSYWPRIKEILAKYDILFVADEVICGFGRTGEWFGSDFYGLKPDMMTIAKGLTSGYIPMGGLIVRDEVVEVLNEGGDFNHGFTYSGHPVAAAVALENIRILREEKIIEHVRAETAPYLQKRLRELNDHPLVGEVRGVGLLGAIELVQDKATRARYVGKGVGMICRQFCFDNGLIMRAVGDTMIIAPPLVITKAEIDELVTKARKCLDLTLSALQS,2.6.1.19
WP_054594538,MSVPPRAVQLNEANAFLKEHPEVLYVDLLIADMNGVVRGKRIERTSLHKVYEKGINLPASLFALDINGSTVESTGLGLDIGDADRICYPIPNTLCNEPWQKRPTAQLLMTMHELEGEPFFADPREVLANVVRKFDDMGLTICAAFELEFYLIDQENVNGRPQPPRSPVSGKRPHSTQVYLIDDLDEYVDCLQDILEGAKEQGIPADAIVKESAPAQFEVNLHHVADPIKACDYAVLLKRLIKNIAYDHEMDTTFMAKPYPGQAGNGLHVHISILDKDGKNIFASEDPEQNAALRHAIGGVLETLPAQMAFLCPNVNSYRRFGAQFYVPNSPCWGLDNRTVAIRVPTGSADAVRIEHRVAGADANPYLLMASVLAGVHHGLTNKIEPGAPVEGNSYEQNEQSLPNNLRDALRELDDSEVMAKYIDPKYIDIFVACKESELEEFEHSISDLEYNWYLHTV,6.3.1.11
WP_054595050,MQLKDTLLFRQQAFIDGAWVDADNGQTINVTNPATGEILGTVPKMGAAETRRAIEAADKALPAWRALTAKERANKLRRWFELIIENQDDLARLMTLEQGKPLAEAKGEIVYAASFIEWFAEEAKRIYGDVIPGHQPDKRLIVIKQPIGVTAAITPWNFPAAMITRKAGPALAAGCTMVLKPASQTPYSAFALAELAQRAGIPKGVLSVVTGSAGDIGSELTSNPIVRKLSFTGSTEIGRQLMAECAKDIKKVSLELGGNAPFIVFDDADLDKAVEGAIISKYRNNGQTCVCANRLYIQDSVYDAFAEKLKVAVAKLKIGNGLEEGTTTGPLIDGKAVAKVQEHIADALSKGATLLAGGKVMEGNFFEPTILTNVPKSAAVAKEETFGPLAPLFRFKDEAEVIAMSNDTEFGLASYFYARDLGRVFRVAEALEYGMVGVNTGLISNEVAPFGGIKASGLGREGSKYGIEDYLEIKYLCLGI,1.2.1.16
WP_054596267,MHFDAIGRVPGDPILGLMEAYAQDSNPCKFDLGVGVYKDAQGLTPIPQSVKLAELRLVDRQTTKTYIGGHGDPAFGKVINELVLGADSALIAEQRVGATQTPGGTGALRLSADFIAHCLPGRGIWLSNPTWPIHETIYATAGLKVSHYPYVGSDNRLDVEAMLATLNLIPKGDVVLLHACCHNPTGFDLSHDDWRRVLEVVRSRELLPLIDFAYQGFGDGLEQDAWAVRLFAAELPELLITSSCSKNFGLYRDRTGALIVCAKDAEKLVDIRSQLANIARNLWSTPPDHGAAVVATILGDPELKQLWADEVEAMRLRIAQLRSGLVEALEPHGLGERFAHIGVQRGMFSYTGLTPAQVKNLRDHHSVYMVSSGRANVAGIDATRLDLLAQAFADVCK,2.6.1.57
WP_054596656,MYRYAQRLHHLIRSLLLLSLLTATGAHAAEKIDLIIDTDPGADDVVALLFALASPEELNIRALTTVAGNVRLDKTSRNARLAREWAGREDVPVYAGAPKPLMRTPIYAENIHGKEGLSGVTVHEPKKGLAKGDAVSYLIDTLRAAKPHSITIAMLGPQTNLALALIQDPEITQGIKEVVIMGGAHFNGGNITPVAEFNLFADPHAAEVVLKSGVKLTYLPLDVTHKILTSDARLKQIAALNNNASKLVGDILNEYVKGDMEHYGIPGGPVHDATVIAYLLKPELFTGRAVNVVVDSREGPTFGQTVVDWYDGLKAPKNAFWVANGDAQGFFDLLTARLARLK,3.2.2.3
WP_054596807,MSSALNIAAVEKGAGQPGANLVRDVSLPALVLHREALEHNIHWMQAFVSHSGAELAPHGKTSMTPSLFRRQLEAGAWGITLATVVQTRAAYAHGVRRVLMANQLVGAPNMALIAELLADPSFDFYCMVDHPDNVADLGVFFAARGLRLNVMIEYGVVGGRCGCRSEAEVLALAEAIKAQPGLALTGIEGYEGVIHGDQAVSGIREFAASLVRLAVQLQDSGAFAISKPIITASGSAWYDLIAESFEAQNAGGRFLSVLRPGSYVAHDHGIYKEAQCCVLDRRSDLHEGLRPALEVWAHVQSLPEPGFAVIALGKRDVAYDAGLPVPLLRYRAGVLPAVGDDVSACTVTAVMDQHAFMTVAPGVQLRVGDIISFGTSHPCLTFDKWRTGCLVDEQLNVIESMETCF,4.3.1.9
WP_054597481,MQTTNTVLMIRPTRFSFNQDTAANNRFQRPAAAAEDVQLKALQEFDGYVAALREHGVEVMVHNDSEAPHTPDSIFPNNWWSSHPDGTLVLYPMQGHNRRLERDKGVLDWLRDAYRIEQLLDLSDLEQQEVFLEGTGSMVLDREQRICYAGYSTRTHAKALDQVVEHLGYELCAFNAVDRHGVPIYHTNVMMSVGRQLAVVCLESVSDLDERNALRSRLECSGKQVLTLSFDQLESFAGNMLEVHNAAGEPLLVMSRTAWRSLHADQRRMVEAYAKPLPVNIDTIERIGGGSARCMLAEVYLPKRVSPQEQH,3.5.3.6
WP_054597487,MTAQVSSQATHGIDASANDVLAEVRNHIGHLTLNRPAGLNAITLDMVRSLHRQLDAWSKDPHIHAVVLRGAGEKAFCAGGDIRSLYDSFKSGGTLHEDFFVEEYALDLAIHHYRKPVLALMDGFVLGGGMGLVQGADLRVVTERSRLAMPEVAIGYFPDVGGSYFLPRIPGELGIYLGVSGVQIRAADALYCGLADWYLESQKLAELDQHLDSLEWHDTPLKDLQGLLAKLALQQLPDAPLQALRPTIDHFFALPDVPSIVEQLRTVTVADSHDWAMTTADLLDSRSPLAMGVTLEMLRRGRQLSLENCFALELHLDRQWFERGDLIEGVRALLIDKDKSPRWNPPTVQALDAKHVASFFSGFDQSGS,4.2.1.17
WP_054597488,MHDIELTEEQVMIRDMARDFARGEIAPHAQAWEKAGWIDDALVAKMGELGLLGMVVPEEWGGTYVDYVAYALAVEEISAGDGATGALMSIHNSVGCGPVLNYGTEEQKQTWLADLASGQAIGCFCLTEPQAGSEAHNLRTRAELRDGQWVINGAKQFVSNGRRAKLAIVFAVTDPDLGKKGLSAFLVPTDTPGFIVDRSEHKMGIRASDTCAVTLNNCTIPEANLLGERGKGLAIALSNLEGGRIGIAAQALGIARAAFEAALAYARDRVQFDKPIIEHQSVANMLADMHTRLNAARLLILHAARLRSAGKPCLSEASQAKLFASEMAEKVCSSAIQIHGGYGYLEDYPVERYYRDARITQIYEGSSEIQRMVIARELKNYLV,1.3.8.1
WP_054597490,MLPTDEQLQISDAARQFAQERLKPFAAEWDREHRFPKEAIGEMAELGFFGMLVPEQWGGCDTGYLAYAMALEEIAAGDGACSTIMSVHNSVGCVPILKFGNDDQKERFLKPLASGAMLGAFALTEPQAGSDASSLKTRARLNGDHYVLNGCKQFITSGQNAGVVIVFAVTDPSAGKRGISAFIVPTDSPGYKVARVEDKLGQHASDTCQILFEDVQVPVANRLGEEGEGYKIALANLEGGRVGIASQSVGMARAAFEAARDYARERESFGKPIIEHQAVAFRLADMATQIAVARQMVHYAAALRDSGKPALVEASMAKLFASEMAEKVCSTALQTLGGYGYLSDFPLERIYRDVRVCQIYEGTSDIQRMVISRNL,1.3.8.1
WP_054597491,MTMSHDPIVIVSAVRTPMGGFQGELKSLSAPQLGAAAIRAAVERAGVAADAVEEVLFGCVLSAGLGQAPARQAALGAGLDKSTRCTTLNKMCGSGMEAAILAHDMLLAGSADVVVAGGMESMSNAPYLLDRARSGYRMGHGKVLDHMFLDGLEDAYDKGRLMGTFAEDCAEANGFTREAQDEFAIASTTRAQQAIKDGSFNAEIVPLQVIVGKEQKLITDDEQPPKAKLDKIASLKPAFRDGGTVTAANSSSISDGAAALLLMRRSEAEKRGLKPLAVIHGHAAFADTPGLFPVAPVGAIKKLLKKTGWSLDEVELFEVNEAFAVVSLVTMTKLEIPHSKVNVHGGACALGHPIGASGARILVTLLSALRQKGLKRGVAAICIGGGEATAMAVECLY,2.3.1.9
WP_054598124,MALKPLIGVTACVKQIGLHPYHVSGDKYLRAVSVAALGLPVVIPSLGELTEIDELLAHLDGLLLTGSPSNVEPFHYQGPASAPGTDHDPARDSTTLPLLRAAIAAGVPVLGICRGFQEMNVAFGGSLHQKVHELPGMLDHREADHPDLAVQYAPAHAVSVQPGGVFQALELPPVFQVNSIHSQGIDRLAPGLRAEAIAPDGLIEAISVEHSKAFALGVQWHPEWQVLANPPYLSIFQAFGDACRQRAALRNTR,3.5.1.94
WP_060738105,MSSVIPNAGVEKGAATVGAHLLKDVSLPALVLHRAALEHNIRWMQAFVTDSGAELAPHGKTSMTPALFRRQLDAGAWGLTLATAVQTRAAYAHGVRRVLMANQLVGTPNMALIADLLADPAFEFHCMVDHPDNVADLGAFFASRGMKLNVMIEYGVVGGRCGCRTEAEVLALAEAIRSQPALALTGIEGYEGVIHGDHAISGIRAFAASLVRLAVQLQDDDAFAIDKPIITASGSAWYDLIAESFEAQNAHGRFLSVLRPGSYVAHDHGIYKEAQCCVLERRSDLHEGLRPALEVWAHVQSLPEPGFAVIALGKRDVAYDAGLPVPLKRYTPGSDSVPGDDVSGCKVTAVMDQHAFMSVAAGVELRVGDIIAFGTSHPCLTFDKWRVGCLVDEQLRVVESMETCF,4.3.1.9
WP_060738180,MHRYAEKMHQLIRSLLLLSLITATSAQAAEKIDLIIDTDPGADDVVALLFALASPEELHIRALTTVAGNVRLDKTSRNARLAREWAGREDVPVYAGAPKPLMRTPIYAENIHGKEGLSGVTVHEPKKGLAEGNAVNYLIDTLKAAKPHSITIAMLGPQTNLALALVQEPDIVQGIKEVVIMGGAHFNGGNITPVAEFNLFADPQAAEVVAKSSVKLTYLPLDVTHKILTSEARLKQIAALNNNASKLVGDILNEYVKGDMEHYGMTGGPVHDATVIAYLLKPQLFTGRSVNVVVDSREGPTFGQTIVDWYDGLKAPKNAFWVENGDAQGFFDLLTERLARLK,3.2.2.3
WP_060739768,MSKTNADLMARRTAAVPRGVGQIHPIFAESAKNATVTDVEGREFIDFAGGIAVLNTGHVHPKIIAAVTAQLNKLTHTCFQVLAYEPYVEVCEKINAKVPGDFAKKTLLVTTGSEAVENAVKIARAATGRAGVIAFTGAYHGRTMMTLGLTGKVVPYSAGMGLMPGGIFRALYPNELHGVSIDDSIASIERIFKNDAEPRDIAAIIIEPVQGEGGFYVAPKEFMKRLRALCDQHGILLIADEVQTGAGRTGTFFAMEQMGVAADLTTFAKSIAGGFPLAGVCGKAEYMDAIAPGGLGGTYAGSPIACAAALAVMEVFEEEHLLDRCKAVGERLVTGLKAIQKKYPVIGEVRALGAMIAVELFENGDTHKPNAAAVAQVVAKARDKGLILLSCGTYGNVLRVLVPLTSPDEQLDKGLAIIEECFSEL,2.6.1.39
WP_060739786,MGALSHLRVLDLSRVLAGPWAGQILADLGADVIKVERPGNGDDTRAWGPPFLKDARGENTTEAAYYLSANRNKQSVTIDFTRPEGQRLVRELAAKSDILIENFKVGGLAAYGLDYDSLKAINPQLIYCSITGFGQTGPYAKRAGYDFMIQGLGGLMSLTGRPEGDEGAGPVKVGVALTDILTGLYSTAAILAALAHRDHVGGGQHIDMALLDVQVACLANQAMNYLTTGNAPKRLGNAHPNIVPYQDFPTADGDFILTVGNDGQFRKFAEVAGQPQWADDPRFATNKVRVANRAVLIPLIRQATVFKTTAEWVTQLEQAGVPCGPINDLAQVFADPQVQARGLAMELPHLLAGKVPQVASPIRLSETPVEYRNAPPLLGEHTLEVLQRVLGLDEAAVMAFREAGVL,2.8.3.13
WP_025216023,MSVPPRAVQLNEANAFLKEHPEVLYVDLLIADMNGVVRGKRIERTSLHKVYEKGINLPASLFALDINGSTVESTGLGLDIGDADRICYPIPDTLCNEPWQKRPTAQLLMTMHELEGEPFFADPREVLRQVVTKFDELGLTICAAFELEFYLIDQENVNGRPQPPRSPISGKRPHSTQVYLIDDLDEYVDCLQDILEGAKEQGIPADAIVKESAPAQFEVNLHHVADPIKACDYAVLLKRLIKNIAYDHEMDTTFMAKPYPGQAGNGLHVHISILDKDGKNIFASEDPEQNAALRHAIGGVLETLPAQMAFLCPNVNSYRRFGAQFYVPNSPTWGLDNRTVALRVPTGSADAVRLEHRVAGADANPYLLMAAVLAGVHHGLVNKIEPGAPVEGNSYEQNEQSLPNNLRDALRELDDSEVMAKYIDPKYIDIFVACKESELEEFEHSISDLEYNWYLHTV,6.3.1.11
WP_060740154,MSRLPLIGVTTCSRQMGLHAYHTSGDKYARAVATAAKGLPVLVPSLADLFPPSDILDALDGILLTGSPSNVEPFHYQGPASAPGTAHDPARDATTLPLIRAAVEAGVPVLGICRGFQEMNVAFGGSLHQKVHEVGTFIDHREDDTQAVEVQYGPAHAVDIQPGGILAGLGLPQSIEVNSIHSQGIERLAPGLRAEAVAPDGLIEAVSVPEGKAFALGVQWHPEWEVSSNPHYLAIFQAFGDACRARATQRDADASNNA,3.5.1.94
WP_060740156,MTRNNPQTREWQALSNDHHLAPFSDFKQLKEKGPRIITHAKGVYLWDSEGNKILDGMAGLWCVAVGYGREELADAASQQMRELPYYNLFFQTAHPPVLELSKAIADIAPEGMNHVFFTGSGSEGNDTMLRMVRHYWAIKGQPNKKVIISRKNGYHGSTVAGASLGGMTYMHEQGDLPIPGIVHIAQPYWFGEGGDMSPEEFGVWAANQLEEKILEIGVDNVGAFIAEPIQGAGGVIVPPDSYWPRMKEILAKYDILFVADEVICGFGRTGEWFGTDHYGLKPHMMTIAKGLTSGYIPMGGLIVRDDVVAVLNEGGDFNHGFTYSGHPVAAAVALENIRILRDEKIIERVHSETAPYLQKRLRELNDHPLVGEVRGVGLLGAIELVQDKATRKRYEGKGVGMICRQFCFDNGLIMRAVGDTMIIAPPLVISKAEIDELVTKARHCLDLTLSALQG,2.6.1.19
WP_060740275,MPTLTTYQTRILPEWVDYNGHLRDAFYLLIFSYATDALMDRLGLDSQNREASGHSLFTLELHLNYLHEVKLGAEVQVHTQIIGHDAKRLHLYHSLHLVGGDKELAGNEQMLLHVDLAGPRSAPFTEQTLARLDALLDEQSDLPPPAYIGRVIALPPAR,1.1.1.108
WP_060740332,MPDYKAPLRDIRFVRDELLGYEAHYQSLPACQDATPDMVDAILEEGAKFCEQVLAPLNRVGDIEGCTWSESGVKTPAGFKEAYKQFVEGGWPSLAHDVEHGGQGLPESLGLAVSEMVGEANWSWGMYPGLSHGAMNTISEHGTPEQQEAYLTKLVSGEWTGTMCLTEPHCGTDLGMLRTKAEPQADGSYKVSGTKIFISAGEHDMADNIVHIVLARLPDAPAGTKGISLFIVPKFLPNADGSIGQRNAVSCGSLEHKMGIHGNATCVMNFDAATGYLIGPANKGLNCMFTFMNTARLGTALQGLAHAEIGFQGGLKYARDRLQMRSLTGPKAPDKAADPIIVHPDVRRMLLTMKAFAEGNRAMVYFTAKQVDIVKYGVDEEEKKKADALLAFMTPIAKAFMTEVGFESANHGVQIYGGHGFIAEWGMEQNVRDSRISMLYEGTTGIQALDLLGRKVLMTQGEALKGFTKIVHKFCQSNEGNEAVKEFVEPLAALNKEWGELTMKVGMAAMKDREEVGAASVDYLMYSGYACLAYFWADMARLAAEKLAAGTTEEAFYTAKLQTARFYFQRILPRTRTHVATMLSGANNLMDMKEEDFALGY,1.3.8.7
WP_060740336,MADYKAPLRDMRFVLNEVFEVAKLWAQLPVLADTVDAETVEAILEEAGKVTSKSIAPLSRAADEEGCHWANGAVTTPAGFPQAYKTYAEGGWVGVGGDPVYGGMGMPKAVSAQVEEMVNSASLSFGLYPMLTAGACLSINAHASEELKAAYLPNMYAGVWAGSMCLTEPHAGTDLGIIRTKAEPQADGSYKVSGTKIFITGGEHDLTENIIHLVLAKLPDAPAGPKGISLFLVPKFMVNADGSLGARNAANCGSIEHKMGIQASATCVMNFDEAVGYLVGEPNKGLAAMFTMMNYERLGVGIQGLASGERSYQNAVEYARDRLQSRSPTGAQNKDKVADPIIVHPDVRRMLLTMKASNEGGRAFSTYVAMQLDTAKFSEDPVTRKRAEDLVALLTPVAKAFLTDLGLETTVHGQQVFGGHGYIREWGQEQLVRDVRITQIYEGTNGIQALDLVGRKIVGSGGAFYRLFADEIRHFTATASSDLAEFTKPLNDAVGTLDELTDWLLDRAKNNPNEIGAASVEYLQAFGYTAYAYMWALMAKAAFGKENQDDFYASKLGTARFYFARLLPRIHSLSASVKAGSESLFLLEPGQF,1.3.8.7
WP_060740343,MRVALYQCPPLPLDPAGNLHRLHQVALEARGADVLVLPEMFMTGYNIGVDAVNVLAEVYNGEWAQQIGRIAKAANLAIVYGYPERGEDGQIYNAVQLIDAQGERLANYRKSHLFGDLDHAMFSAGDSALPIVELNGWKLGLLICYDLEFPENARRLALAGAELILVPTANMQPYEFIADVTVRARAIENQCFVAYANYCGHEAELQYCGQSSIAAPNGSRPALAGLDEALIVGELDRQLLDDSRAAYNYLHDRRPELYDDLHKH,3.5.1.30
WP_060740344,MNKNNRHPADGKKPITIFGPDFPFAFDDWIEHPAGLGSIPAHNHGTEVAIVGAGIAGLVAAYELMKLGLKPVVYEASKMGGRLRSQAFNGAEGVIAELGGMRFPVSSTAFYHYVDKLGLETKPFPNPLTPASGSTVIDLEGQTYYAQKLADLPALFQEVADAWADALEDGSRFGDIQQAIRDRDVPRLKELWNTLVPLWDDRTFYDFVATSKAFAKLSFQHREVFGQVGFGTGGWDSDFPNSMLEIFRVVMTNCDDHQHLVVGGVEQVPHGIWNHVPERCAHWPEGTSLNSLHLGAPRSGVKRIARSADGRFSVTDVWENTREYAAVLVTCQSWLLTTQIECEEALFSQKMWMALDRTRYMQSSKTFVMVDRPFWKDKDPETGRDLMSMTLTDRLTRGTYLFDNGDDKPGVICLSYSWMSDALKMLPHPVEKRVKLALDALKKIYPKVDIAARIIGDPITVSWEADPHFLGAFKGALPGHYRYNQRMYAHFMQDDMPAEQRGIFIAGDDVSWTPAWVEGAVQTSLNAVWGIMKHFGGETHAENPGPGDVFHEIGPIALPE,1.13.12.2
WP_060741122,VSADYPRDLIGYGNNPPHPQWPGNARIALSFVLNYEEGGERNVLHGDKESEAFLSEMVAAQPLQGERNMSMESLYEYGSRAGVWRVLKLFKAFDIPLTIFAVAMAAQRHPDVIRAMVAAGHEICSHGYRWIDYQYMDEAQEREHMLEAIRILTEITGERPLGWYTGRTGPNTRRLVMEEGGFLYDSDTYDDDLPYWEPNTPNGKPHLVIPYTLDTNDMRFTQVQGFNKGDDFFQYLKDAFDVLYAEGAEAPKMLSIGLHCRLIGRPARLASLKRFLEYVKGHEHVWFSRRVDIARHWQQAHPYQGASNPGASK,3.5.2.5
WP_060741243,MKWTAVTEHRAKLGEGPFWDAPTQALYWVDIAGKQALRLIGANVEIWQMPEHVSAFIPTQSGDALVTLSSGVYRLDLDSPGLEPRLTLLCMADPQPGNRANEARCDPQGQLWLGTMQNNIGAEGEDLPIEHRSGGLFRVGSDGRVLPLLRGLGIPNTLLWSPDGTTVYFGDSLDGTVYRHFIYPEGNLAPAEVWFGPHPRGGPDGSAMDARGYIWNARWDGSCLLRLTPDGQVDRVIELPVSRPTSCVFGGEDLKTLYITSAASPLGHPLDGAVLSMRVDVPGVACTRFAG,3.1.1.15
WP_060741989,MSDKKPSLRSAQWFGTADKNGFMYRSWMKNQGIADHQFHGKPIIGICNTWSELTPCNAHFRQIAEHVKRGVIEAGGFPVEFPVFSNGESNLRPTAMLTRNLASMDVEEAIRGNPIDGVVLLTGCDKTTPALLMGAASCDVPAIVVTGGPMLNGKHKGQDIGSGTVVWQLSEQVKAGTITIDDFLAAEGGMSRSAGTCNTMGTASTMACMAEALGTSLPHNAAIPAVDARRYVLAHMSGMRAVEMVREDLKLSKILTKEAFENAIRVNAAIGGSTNAVIHLKAIAGRIGVQLDLDDWTRIGRGMPTIVDLQPSGRFLMEEFYYAGGLPAVLRRLGEANLIPNPNALTVNGKSLGENTKDAPIYGQDEVIRTLDNPIRADGGICVLRGNLAPLGAVLKPSAATAELMQHRGRAVVFENFDEYKARINDPELDVDANSILVMKNCGPKGYPGMAEVGNMGLPAKLLAQGVTDMVRISDARMSGTAYGTVVLHVAPEAAAGGPLAAVKEGDWIELDCASGRLHLDIPDAELAARLADLAPPQQLLVGGYRQLYIDHVLQADQGCDFDFLVGCRGAEVPRHSH,4.2.1.25
WP_060741991,MRLVQFELSNGERRVGVVDGDQVREVQGAGSVRELALAAIEAGVKLEQQVDSLGLGTGHDYARLLGELRILPPLDHPDPAHLLVSGTGLTHLGSASARDKMHQQAGDEATMTDTMRIFKWGVEGGKPQAGQTGVQPEWFYKGDGSIVVRPGHPFPLPPFAEDAGEEPEISGLYVIGHDGKPYRLGFAVGNEFSDHVMERKNYLYLAHSKLRSCSFGPELRVGELPQHLSGTSRILRNGEVLWQNEFLSGEANMCHSLENLEFHHFKYSQFLRPGDVHVHFFGTATLSFADGIRTQPGDVFEISQAEFGAPLVNGIAPVDAVFNPGTIGTL,4.2.1.43
WP_063321224,MLATEEQTQIRDMARQFAEERLKPFAAEWDREHRFPREAIDEMAELGFFGMLVPEQWGGCDTGYLAYAMTLEEIAAGDGACSTIMSVHNSVGCVPILKFGNDEQKAKFLTPLASGAMLGAFALTEPQAGSDASSLKTRARLEGDHYVLNGCKQFITSGQNAGVVIVFAVTDPSAGKRGISAFIVPTDSPGYSVARVEDKLGQHASDTCQILFEDLKVPVGNRLGEEGEGYKIALANLEGGRVGIAAQAVGMARAAFEAARDYARERSSFGKPIIEHQAVAFRLADMATQIAVARQMVHYAAALRDSGQPALVEASMAKLFASEMAEKVCSMALQTLGGYGYLNDFPLERIYRDVRVCQIYEGTSDIQRMVISRNL,1.3.8.1
WP_063321988,MSSVIPNAGVEKGAATVGAHLLKDVSLPALVLHRAALEHNIRWMQAFVTDSGAELAPHGKTSMTPALFRRQLDAGAWGLTLASAVQTRAAYAHGVRRVLMANQLVGTPNMALIADLLADPAFEFHCMVDHPDNVADLGAFFASRGMKLNVMIEYGVVGGRCGCRTEAEVLALAEAIQAQPALALTGIEGYEGVIHGDHAISGIRAFAASLVRLAVQLQDNGAFAIDKPIITASGSAWYDLIAESFEAQNAHGRFLSVLRPGSYVAHDHGIYKEAQCCVLERRSDLHEGLRPALEVWAHVQSLPEPGFAVIALGKRDVAYDAGLPVPLKRYTPGSDSVTGDDVSGCKVTAVMDQHAFMNVAAGVELRVGDIISFGTSHPCLTFDKWRVGCLVDEQLRVVESMETCF,4.3.1.9
WP_063322430,MHFDAIGRVPGDPILGLMEAYGADANPSKFDLGVGVYKDAQGLTPILQSVKQAEQRLVDRQTTKTYIGGHGDAAFGQLINELVLGADSPLISAKRAGATQTPGGTGALRLSADFIAQCLPGRGVWLSNPTWPIHETIFAAAGVKVGHYPYVGADNRLDFEAMLATLNQAPKGDVVLLHACCHNPTGFDLSHEQWRQVLEVVRDRDLLPLIDFAYQGFGDGLEQDAWAVRLFAQALPEVLVTSSCSKNFGLYRDRTGALIVCARDAEKLVDIRSQLANIARNLWSTPPDHGAAVVATILGNPELKSLWADEVQAMRLRIAQLRSGLLEALEPHGLRERFAHIGVQRGMFSYTGLTPEQVKHLRERHSVYMVGTGRANVAGIDATRLDLLAEAIADACK,2.6.1.57
WP_014340747,VVRGKRIERTSLHKVYEKGINLPASLFALDINGSTVESTGLGLDIGDADRICYPIPDTLCNEPWQKRPTAQLLMTMHELEGEPFFADPREVLRQVVTKFDELGLTICAAFELEFYLIDQENVNGRPQPPRSPISGKRPHSTQVYLIDDLDEYVDCLQDILEGAKEQGIPADAIVKESAPAQFEVNLHHVADPIKACDYAVLLKRLIKNIAYDHEMDTTFMAKPYPGQAGNGLHVHISILDKDGKNIFASEDPEQNAALRHAIGGVLETLPAQMAFLCPNVNSYRRFGAQFYVPNSPTWGLDNRTVALRVPTGSADAVRLEHRVAGADANPYLLMASVLAGVHHGLVNKIEPGAPVEGNSYEQNEQSLPNNLRDALRELDDSEVMAKYIDPKYIDIFVACKESELEEFEHSISDLEYNWYLHTV,6.3.1.11
WP_086936699,MSRLPLIGVTTCSRQIGLHAYHISGEKYSRAVATAAKGLPVLIPSLADLFPPSDILDALDGILLTGSPSNVEPFHYQGPASAPGTAHDPARDATTLPLIRAAVDAGIPVLGICRGFQEMNVAFGGSLHQKVHEVGTFIDHREDDTQAVDVQYGPAHAVHIQPGGVLAGLGLPQRIEVNSIHSQGIERLAPGLRAEAVAPDGLIEAVSVPGGKAFALGVQWHPEWEVSSNPHYLAIFQAFGDACRARAAQRDADASNNA,3.5.1.94
WP_063323898,MTRNNPQTREWQALSNDHHLAPFSDFKQLKEKGPRIITHAKGVYLWDSEGNKILDGMAGLWCVAVGYGREELADAASQQMRELPYYNLFFQTAHPPVLELSKAIADIAPEGMNHVFFTGSGSEGNDTMLRMVRHYWAIKGQPNKKVIISRKNGYHGSTVAGASLGGMTYMHEQGDLPIPGIVHIAQPYWFGEGGDMSPEEFGVWAANQLEEKILELGVDNVGAFIAEPIQGAGGVIVPPDSYWPRMKEILAKYDILFVADEVICGFGRTGEWFGTDHYELKPHMMTIAKGLTSGYIPMGGLIVRDDVVAVLNEGGDFNHGFTYSGHPVAAAVALENIRILRDEKIIERVHSETAPYLQKRLRELNDHPLVGEVRGVGLLGAIELVQDKATRKRYEGKGVGMICRQFCFDNGLIMRAVGDTMIIAPPLVISKAEIDELVAKARQCLDLTLSALQG,2.6.1.19
WP_063324030,MPTLTTYQTRILPEWVDYNGHLRDAFYLLIFSYATDALMDRLGMDSQNREASGHSLFTLELHLNYLHEVKLDAQVEVHTHIIGHDAKRLHLYHSLHLVGGDKELAGNEQMLLHVDLAGPRSAPFTEQTLDRLSALLDEQSDLPPPLYIGRIIALPLPR,1.1.1.108
WP_063324031,MSFITDIKTFAALGSGVIGSGWISRALAHGLDVIAWDPAPGAEAALRKRVANAWGALEKQGLAPGASQDRLRFVATIEECVRDADFIQESAPERLELKLELHGQISAAAKPNALIGSSTSGLLPSEFYEGATHPERCVVGHPFNPVYLLPLVEVVGGKNTAPEAVQAAMQVYESLGMRPLHVRKEVPGFIADRLLEALWREALHLVNDGVATTGEIDDAIRFGAGLRWSFMGTFLTYTLAGGDAGMRHFMAQFGPALQLPWTYLPAPELTEKLIDDVVDGTSAQLGSHSISALERYRDDCLLAVLEAVKATKAKHGMAFSE,1.1.1.108
WP_063324926,MAEPLSLPPVPEPPKGERLKNKVVLLTGAAQGIGEAIVAAFASQQARLVISDIQAEKVETVAAHWRERGADVHALKADVSNQQDLHAMARHAVERHGRIDVLVNCAGVNVFRDPLEMTEEDWRRCFAIDLDGAWYGCKAVLPQMIEQGVGSIINIASTHSSHIIPGCFPYPVAKHGLLGLTRALGIEYAPKGVRVNAIAPGYIETQLNVDYWNGFADPYAERQRALDLHPPRRIGQPIEVAMTAVFLASDEAPFINASCITIDGGRSVMYHD,1.1.1.48
WP_063320756,MRLVQFELPNGERRVGVVDGDQVREVQGAASVRDLALAAIEAGVKLEEQVNSLGLGAGHDYARLLSELRILPPLDHPDPAHLLVSGTGLTHLGSASARDKMHQQAGDESAMTDTMRIFKWGVEGGKPQAGQAGVQPEWFYKGDGSIVVRPGHPFPLPPFAEDAGEEPEISGLYVIGHDGKPYRLGFAVGNEFSDHVMERKNYLYLAHSKLRSCSFGPELRVGELPQHLSGTSRILRNGEVLWQNEFLSGEANMCHSLENLEFHHFKYSQFLRPGDVHVHFFGTATLSFADGIRTQPGDVFEISQAEFGAPLVNGIAPVDAVFNPGTIGTL,4.2.1.43
WP_003280093,MAWTREQMAQRAAQELQDGFYVNLGIGLPTLVANYIPEGMDVWLQSENGLLGIGPFPTEEEIDPDLINAGKQTVTALPGSSFFDNAQSFAMIRGGHINLAILGAMQVSEKGDLANWMIPGKMVKGMGGAMDLVAGVKRVVVLMEHTAKGGAHKILPACDLPLTGLGVVDRIITDLGVLDVTEQGLKLVELAEGVSFDELQEATGSPIQR,2.8.3.8
WP_003294550,MNKIYPSAAHALEGLVEDGMTIAVGGFGLCGIPEQLIAALRDSGKKDLTAISNNAGVDGFGLGLLLETRQISKMVSSYVGENKEFERQYLAGELALEFTPQGTLAEKLRAGGAGIPAFYTKTGYGTLVAEGKETRQFNGEWYVMEESLTADLALVKAWKADKAGNLLFRKTARNFNPLAAMAGEVCVVEVEEIVETGELDPDQIHLPGIYVHRIVHNPNPEKRIEKRTVRS,2.8.3.8
WP_015277224,MHDLELSEDQRMIRDMARDFARREIAPHAQAWEKAGWIDDTLVAQMGELGLLGMVVPEEWGGSYIDYVAYALAVEEISAGDGATGALMSIHNSVGCGPVLNYGSQAQKDEWLTELASGRAIGCFALTEPQAGSEAHNLRTRAELVDGHWVLNGSKQFCSNAKRSKLAIVFAVTDPELGKKGLSAFLVPTDTPGFAVERSEHKMGIRASDTCGVSLSDCRIPEANLLGERGKGLAIALSNLEGGRIGIGAQALGIARAAFEAALLYARERVQFGKPIAEHQSIANMLADMQTQLNAARLLILHAARLKSAGLPCLSEASQAKLFASEMAEKVCSQAVQIHGGYGYLEDYPVERYYRDARITQIYEGSSEIQRLLIARELANYAL,1.3.8.1
WP_015277229,MLPNEDQNAIAEMARQFAQERLKPFAEQWSREHRYPAEAIGEMAALGFFGMLVPEQWGGSDTGYLAYAMALEEIAAGDGACSTIMSVHNSVGCVPILRFGNEQQKSDFLTPLARGEQIGAFALTEPQAGSDASSLRTRARRDGDHYVLNGAKQFITSGKHAGTVIVFAVTDPDAGKGGISAFIVPTDSPGYQVVRVEDKLGQHASDTCQIAFEDLRVPVANRLGEEGEGYRIALANLEGGRIGIAAQAVGMARAAFEAARDYARDRETFGKPIIEHQAVAFRLADMATQIAVARQMVHHAAALREVGRPALVEASMAKLFASEMAEKVCSAAIQTLGGYGYLADFPVERIYRDVRVCQIYEGTSDIQRLVISRNLGGPV,1.3.8.1
WP_015278222,MKLATLNQGRDGVLVVVSRDLAQAVKVPQIAATLQAALDDWNYCKPKLEAVYQRLNDGLEEGAFAFDQTACHSPLPRAYHWADGSAYVNHVELVRKARGAEMPESFWHDPLMYQGGADAFIPPHSPIRLADEAWGIDLEGELAVITDDVPMGATPAEAASHIQLLMLVNDVSLRNLIPGELAKGFGFYQSKPSSSFSPVAVTPDELGETWRDGKVHRPLVSHINGELFGQPDAGTDMTFNFPTLVAHAARTRPLGAGTIIGSGTVSNYDRSAGSSCLAEKRMLEVVEHGEAKTPFLKFGDRVRIEMFDAAGQSIFGAIDQQVERYGH,3.7.1.2
WP_015278495,MQTNLSEAAKKLPRAEEAESILRSCVHCGFCNATCPTYQLLGDELDGPRGRIYLMKQMFEGGEVTESTQLHLDRCLTCRNCETTCPSGVKYHNLLDIGRDFIEQQVQRPLGERVVRGGLRTVIPRPGLFKALLGAGNALKPLMPASLKDHLPREIRPAKPRPQVMHSRRVLILEGCVQPSLSPSTNAAAARVLDRLGISVSPAREAGCCGAVDYHLNAQDAGLDRARRNIDAWWPAIEAGAEAIVQTASGCGAFVKEYGHLLKDDPAYAAKAARVSELAKDLVEVLRSAELEKLNVRADKRMAFHCPCTLQHAQKLGGAVEDVLTRLGYQLTAVPDAHLCCGSAGSYSITQPEISHQLRDNKLNALESGKPEVIVTANIGCQTHLDGAGRTPVKHWIEVVEESMQ,1.1.3.15
WP_015278496,MSVIANDASAQLLDQVNQALAANTPLRIQGSGSKSFLGLQADGVLLDTREHRGIVSYDPTELVVTVRAGTPLTELETALDEAGQMLPCEPPHFGEGATVGGMIAAGLSGPRRPWSGSVRDFVLGSRVITGQGKHLRFGGEVMKNVAGYDLSRLMAGSFGCLGVLTEVSLKVLPKPRLCTSLRLEIDLERALLKLAEWGQQPIPISAASHDGQALHLRLEGGEGSVGAARERIGGEDLDPGYWNDLREQRLAFFADPRPLWRLSLPNNTPALGLPGDQLVDWAGAQRWLKSDADAVTIRGIAIEVGGHATCFTAGATTNPFQPLAAPLLRYHRQLKAALDPQGIFNPGRMYSEV,1.1.3.15
WP_015278497,MNILYDERVDGALPKVDKAALLAELQAQLPDLDILHRSEDLKPYECDGLSAYRTTPLLVVLPERIEQVETLLKLCHQRGVPVVARGAGTGLSGGALPLEQGILLVMARFNKILEVDPAGRFARVQPGVRNLAISQAAAPYELYYAPDPSSQIACSIGGNVAENAGGVHCLKYGLTVHNLLKVDILTVEGERMTLGSDALDSPGFDLLALFTGSEGMLGIVTEVTVKLLPKPQVAKVLLAAFDSVEKAGRAVGDIIAAGIIPGGLEMMDNLSIRAAEDFIHAGYPVDAEAILLCELDGVEADVHDDCARVSEVLKLAGATEVRLAKDEAERVRFWAGRKNAFPAVGRISPDYYCMDGTIPRRELPGVLKGISDLSEQFGLRVANVFHAGDGNMHPLILFDANQPGELERAEDLGGKILELCVKVGGSITGEHGVGREKINQMCSQFNADELTLFHAVKAAFDPSGLLNPGKNIPTLHRCAEFGRMHIHNGQLPFPELERF,1.1.3.15
WP_015275423,MADYQAPLRDMRFVLNEVFDAPKLWQALPALAEVVDAETADAILEEAGKITANSIAPLNRSGDEEGCRWDAGAVSTPAGYREAYQLYAKGGWVGVGGDPAFGGMGMPKVISAQVEEMMNSASLAFGLYPMLTSGACLSIYAHASEELKQKYLPNMYAGVWSGSMCLTEPHAGTDLGIIRTKAEPQADGSYKVSGTKIFITGGEHDLTENIIHLVLAKLPDAPAGSRGISLFLVPKVMVNEDGSLGERNSLSCGSIEHKMGIQASATCVMNFDGAVGWMVGEPNKGLAAMFTMMNYERLGVGIQGLATGERSYQSAIEYARDRIQSRAPTGPVAQDKAADPIIVHPDVRRMLLTMKALNEGGRAFSSYVALQLDIAKFSDDDEARQRAEAQVALLTPVAKAFLTDMGLETTVHGQQVFGGHGFIREWGQEQLVRDCRITQIYEGTNGIQALDLVGRKIVGSGGTMYQAFVDEIRAFIADAGPELTEFAEPLKAAMDNLDELTAWVIDQAKANPNEIGAASVEYLHVFGYTAYAYMWARMAAVAVAKREEGDFYQSKLGTARFYFARLLPRIHSLSASVKAGSESLYLLDAAQF,1.3.8.7
WP_015275719,MHFGQIPRVPGDPILGLMDLYRADPNPAKLDLGVGVYKDAQGLTPIPRAVKLAEQRLVDGEQSKSYIGGHGDAQFGALLLRQALGSRAIALGEQRAGCTQAPGGTGALRLAGEFIAKCLPGRSIWLSDPTWPIHETLFAAAGLRVQHYPYVGADNRLDVEGMLAALQQVPPGDVVLLHACCHNPTGFDLNHDDWLRVLEVVRARELLPLFDFAYQGFGDGLEEDAWAVRLFAETLPEMLITTSCSKNFGLYRERTGALIAVTSDAERLLDVRSQLASLARNLWSTPPAHGAAVVATILADEPLRQIWQGEVERMRRRIASLRQGLVEALMPYGLAERFAHIAQQRGMFSYTGLTAEQVRRLRAEDSVYLVESGRANVAGLDAERLDALAKAIARVVSN,2.6.1.57
WP_011864920,MGFNQTEEQALVIGIDGGGSKCRATIYAADDSVLGTGVAGRANPLYGLTHTFDSISRATELALQDAGLKAGDGKTMVAGVGLAGVNVAHLYQAIKAWQHPFAEMYVTTDLHTACIGAHKGGDGAVIITGTGSCGYAHVGEQSLSLGGHGFALGDKGSGAWLGLQAAQQVLLDLDGFGPATQLTERLLEHFKVNDAMGIVEHLAGKSSGCYATLARTVLSCAQAQDEVAKAIVVEGAEYISALAHKLFEIHPPRFSMIGGLAEPLAPWLDKRVVDKISPILAPPELGAAYFARQQLGFSS,2.7.1.59
WP_011758678,MKFYNRDFLLSHSQSILDFYDPRVLDASGGYFHNYYDDGSLFEPGFRQLVSSCRITVNYARAADILDKPEYLAHARHGLNYLLNVHLQADERFAWTLKSHRPEDMTQQAYGYAFALLAFAACRKSGILKDNNKLLWIYNLLEQRFWQPEYGLYADEIGADGVLSDYRGQNANMHLCEAMIAAFEASGEGRFLDRAMEIADKIANRQAALTGGIIWEHFTPGFAINWEYNKDDPKNLYRPWGFQGGHQTEWAKLLLSLARHSHQPWLISRAKTLFDTAFEKSWDKEHGGMVYGFGPNGDWCDDDKYFWVQAESFAAAAMLYQQTGEQKYLDAYNALWNYAWQHFVDHEHGAWFRVLYRDNRKYSNEKSTAGAKCDYHTLGACFDSLRDLT,5.3.1.7
WP_011759060,MAFDQTLEGQLYLGIDGGGSKCRATLYNNKLDVLGTGVAGRANPLFGLEQTFESILASTEMALRDAGLSLNDASLLVAGLGLAGVNVPRLLADVQAWQHPFKTMYVTSDLHTACIGAHQGGDGAVIITGTGSCGYVHVGDESLSLGGHGFALGDKGSGAWLGLRAAEHVLLQLDGFAEPTALTERLFANLGVSDALGIVENLAGRSSSCYATLAREVFAAADEGDKVAVGILREGAAYISEMARKLFTLEPARFSMIGGLAEPLQKWLDADVVARLEPSLAAPETGAVLFAIQQHNKQSAA,2.7.1.59
WP_011759520,MYRSGIDLGGTKIELVTLNEKGEEVFRKRVPTPKDYRATLEAVAGLVHDSEKETGQVSSVGIGIPGVVSAVTGRVKNSNAVWLNGQPMDKDLGAMLGREVRIANDANCFAVSESVDGGGAGKTLVFGAILGTGCGAGIAINHKVHGGGNGIGGEWGHNPLPWMTADEFNSTRCFCGNADCIETFVSGTGFVRDFRAHGGEAASGIEIVALMGKGEPLAEAAFGRFIDRLARALAHVINLLDPDVIVLGGGVSNIDEIYEYLPALLPKYVLGGECATKVVKNHHGASSGVRGAAWLWAPGEQAALPGLQEL,2.7.1.2
WP_011760212,MKNIICDIDGVLLHDNKLVPGSDKFIHRVLEQGNPLVILTNYPVQTGKDLQNRLDAAGINVPEECFYTAAMATADFLKHQEGSKAFVIGEGALTHELYKAGFTITDINPDFVIVGETRSYNWDMIHKAARFVADGARFIATNPDTHGPAFSPACGALCAPIERITGRKPFYVGKPSSWIVRSALNHINGHSENTVIIGDNMRTDILAGFQAGLETILVLTGVSRLEDIEKEPFRPNHVFNCAGDIDIF,3.1.3.5
WP_011760344,MMRMGVDLGGTKIELVALGEDGSELFRKRIATPREYQGTLNAVVTLVNEAEATLGTQGSLGIGIPGVISPYTGLVKNANSTWINGHPLDRDLGALLNREVRVANDANCFAVSEAVDGAAAGKRVVFGAILGTGCGAGLAFDGRVHEGGNGIGGEWGHNPLPWMRPDEFNTTECFCGNKDCIETFVSGTGFVRDFRNSGGTAQNGAEIMSLVDAGDELANLVFDRYLDRLARSLAHVINMLDPDAIVLGGGMSNVQAIYARLPAILPKYVVGRECRTPVVQNLYGCSSGVRGAAWLWEKR,2.7.1.2
WP_011760751,MQQQQQDTISALQAMDAAHHLHPFTDSADLAKRGTRVIERAEGVYIWDAKGNKLLDAMAGLWCVNVGYGRKSIADAAYAQLQTLPFYNNFFQCTHEPAIRLASKIASLAPGHMNRVFFTGSGSEANDTNLRMVRRYWDLKGMPSKKTIISRKNAYHGSTVAGASLGGMGFMHQQGDLPIPGIVHIDQPYWFGEGRDMSPEAFGIKTAQALEAKILELGEDKVAAFIAEPFQGAGGVIIPPDSYWNEIKRILEKYNILFILDEVISGFGRTGNWFAAQTLGLKPDLITIAKGMTSGYIPMGGVIVSDRVADVLISDGGEFAHGFTYSGHPVAAAVALENIRILEEERLVDKVRTDTGPYLQDRLQTLSAHPLVGEVRGMGMVGAIELVADKHSMVRFGSEISAGMLCREACIESGLVMRAVGDTMIISPPLCITRDEIDELIFKASQALSLTLEKIAARGN,2.6.1.19
WP_011760753,MSDATIPLIGVSACNTPIGLQTFNTVGEKYLLGVINGTGGWPLIIPSIGDGMPTELLLERLDGILFTGSPSNVEPHHYSGPASEPGTHHDPRRDATTLPLIKAAIAAGVPVLGICRGFQEMNVAFGGSLHQKLHETGVFEEHREDRTAPLEVQYGLAHTVTLEPGGVIFEAWGRSSAEVNSVHTQGVERLGNGLRPEAYAPDGLIEAFSVTDAKNFALGVQFHPEWKVADNAFYLSIFNAFGDACRRRAQERAR,3.5.1.94
NP_436855,MPQITRRMTLSINAIVWGENIHEQTNAVVREIYPDGMHNTIAAALNSDPGIDATTATLQEPEHGLSETRLAAADVLLWWGHKDHGAVDDAIVERVAKRVWEGMGLIVLHSGHFSKVFKRLMGTPCALKWREAGERERVWVVNPRHPIAEGLGENFVIENEEMYGEQFSVPEPLETVFISWFAGGEVFRSGLTWRRGAGNIFYFRPGHETYPTYHDATVHKVLRNAVKWAYNPQGTYKAIHDAPNVPVEKALEPIVERGPRLHRAGEAGYR,1.1.99.13
NP_436856,MKGTPMRLLILGTGGMANSHAKAFAEIEGVEMVGAVDVDPSRAKAFAVTHGIENTFTSLDDAIAWGEFDAATNVTPDKAHHPTTLALIAAGKHVLCEKPLAENYEKAAEMAAAAERAGLVTMVNLTYRNVAPLQKARELVVAGEIGRVRHLEASYLQSWLVSRAWGDWASESKWLWRLSTKHGSNGVLGDVGIHILDFAGYGANSSVERVFARLKAFDKAPDNRIGEYDLDANDSFAMTAEFENGAMAVIHASRWATGHLNELRLRLHGDRGALEVIHTPDGSSLRGCMGPDVEKAVWRTVDAGTVPTNYQRFVEAVKAGRTVEPGFRHAADLQRVLDLAIETERSRRELGVPDIDAVVQERAVG,1.1.99.13
NP_437724,MKKKAEWPRKLRSQEWFGGTGKNAIMHRSWMKNQGLPADTFDGRPIIGICNTWSELTPCNAHLRDLAERVKRGVYEAGGFPVEFPVFSTGESTLRPTAMMFRNLAAMDVEESIRGNPVDGVVLLGGCDKTTPSLLMGAASVDIPAIVVSGGPMLNGKWRGKDVGSGTAIWQFSEMVKSGEMSLEEFMDAEQGMARSAGSCMTMGTASTMASMAEALGMTLSGNAAIPAVDARRRVISQLTGRRIVEMVKEDLKPSDILTKEAFENAIRVNGAVGGSTNAVLHLLALAGRVGVDLSLDDWDRLGRDVPTIVNLQPSGKYLMEEFYYAGGLPVVIKAVAEMGLLHNDAITVSGDTIWNDVKGVVNYNEDVILPREKALTKSGGIAVLRGNLAPRGAVLKPSAASPHLMQHKGRAVVFESIEDYHARINREDLDIDETCIMVLKYCGPKGYPGMAEVGNMGLPPKVLKKGITDMIRISDARMSGTAYGTVILHTAPEAAEGGPLALVENGDLIEVDIPNRTLHLHVSDEELARRRAAWVSPVKPLTGGYGGLYIKTVMQADAGADLDFLVGARGSVVERDSH,4.2.1.25
NP_437725,MTLHQNLIAGEWVGGDGVANINPSNTDDVVGEYARASAEDAKAAIAAAKAAFPAWSRSGILERHAILKKTADEILARKDELGRLLSREEGKTLAEGIGETVRAGQIFEFFAGETLRLAGEVVPSVRPGIGVEITREPAGVVGIITPWNFPIAIPAWKLAPALCYGNTIVFKPAELVPGCSWAIVDILHRAGLPKGVLNLVMGKGSVVGQAMLDSPDVQAITFTGSTATGKRVAVASVEHNRKYQLEMGGKNPFVVLDDADLSVAVEAAVNSAFFSTGQRCTASSRIIVTEGIHDRFVAAMGERIKGLVVDDALKPGTHIGPVVDQSQLNQDTDYIAIGKQEGAKLAFGGEVISRDTPGFYLQPALFTEATNEMRISREEIFGPVAAVIRVKDYDEALAVANDTPFGLSSGIATTSLKHATHFKRNAEAGMVMVNLPTAGVDFHVPFGGRKASSYGPREQGKYAAEFYTNVKTAYTLA,1.2.1.26
NP_437726,MLISQVRKEDGSVIVAVRAPGETARAVRGAESVYALAMEAANSRRSLRDVVDAKGFGETIDLEEAYSQGRLLSPITHPDPAHLHLTGTGLTHLGSAATRDAMHKKATEATEETLTDSMKMFRMGLEGGKPKSGEKGVQPEWFYKGNGTTAVAPGEPLVSPSFAEDGGEEPEMAGIYVISDKGVPFRLGFAVANEFSDHKTERVNYLWLAHSKLRQASFGPEIRIGAAPEDIRGASRILRGGKVLWEKPFLSGEANMSHSFANLEYHHFKYGLFRAPGDIHVHMFGTATLSFGDGIRTEEGDVFEIEAKEFGLPLRNPLAIAAEEEVAVHQL,4.2.1.43
NP_437227,MQRMGMVIGLEPSKIAEYKRLHAAVWPEILALISECNITNYSIFLKEPENLLFGYWEYVGEDFEADMTKMAAHPKNQEWWSVCMPCQKPLESRRQGEWWAMMEEVFHHD,5.1.3.29
NP_437228,MTETFDPSSLRQWWPKPVAPRPIVIFGAGSIVGDAHLPAYRNAGFPVAGIFDPDAGKAAALARASDVMAFTSEEEALSAENAIFDLATPPAAHASILSKLPKGSFALIQKPLGSDLAAATGILEICRERNIRAAANFQLRFAPMMLALKDAIATGYLGEVVDFDAWLALATPWGLWPFLKGLPRIEIAMHSIHYLDLVRSLLGDPRGVHAKTIGHPNHDVAQTRTAAILDYGDAVRCVLSVNHDHDFGRRFQACEFRICGTRGAAYVKLGVNLDYPRGEPDELWIRPAGGADWIQVPLEGSWFPDAFANRMANLQRHAGGEDDELIGSVEDAWRTMALVEAAYQSSARPATPIAALPLEN,1.1.1.122
NP_437492,MHKILTIGEILVEIIATEKGDGFRKATPLIGPFPSGAPAIFIDQAGKLGQPCAIISRVGGDDFGTVNLERLKRDGVDISGIEVDPLATTGSAFVRYRPDGSRAFVFNIRDSACGKITLDERMTRLVGECSHVHVMGSSLYAPSVVESILAAIGIVKAGGGTVSFDPNLRPEILKSPGMREALLTVLAETDLFLPSGDELFLFTEAKTESQAVAELLASGIKAVVVKRGAAGASYFDAGAALSLPGFPVEEIDPTGAGDCFGATFVSFWLNGASPREALEFAAASGARAVMHFGPMEGASTRAELERFISEQQA,2.7.1.101
NP_385263,MSPINIAIVGVGKIVRDQHLPALAKNADYRLIAAASRHGTVDGIDNFKSIEAMIDAVPAVEAVSLCMPPQYRYEAARTALAAGKHVFLEKPPGATLSEVADLEALAEEKGVSLFASWHSRYAPAVEAAKTFLASAAIRNVRIIWKEDVRHWHPNQEWIWAAGGLGVFDPGINALSIMTHILPRPVFITSATLEFPENRDAPIAATIAFSDAEKLDVAAEFDWRQTGKQSWDIVAETDAGGMVLSEGGAKLAIDGKIVHEEPEQEYPMLYRRFAEIIKAGRSDVDLAPLRHVADAFMLGRRKFVEAFHD,1.1.1.48
NP_384883,MPETIGFLKPRQAVLDRRREIVADLADLLPEGGLISDERGLKPFETDAFIAYRRMPLAVVLPETTEHVAAVLKYCSRYGIPIVPRGAGTSLSGGAIPQEDAIVVGLSKMSRTLDIDLFNRTATVQAGVTNLNISDAVSADGFFYAPDPSSQLACTIGGNIGMNSGGAHCLKYGVTTNNLLGVKMVLFDGTVIELGGKALDAPGYDLLGLVCGSEGQLGIVTEATVRLIAKPEGARPVLFGFASSESAGSCVADIIGSGIIPVAIEFMDRPAIEICEAFAQAGYPLDVEALLIVEVEGSEAEMDATLAGIIEIARRHGVMTIRESQSALEAALIWKGRKSAFGATGRIADYICMDGTVPLSQLSHVLRRTGEIVAGYGLRVANVFHAGDGNMHPLILYNINDPEEAARAEAAGNDILKLCVEAGGCLTGEHGVGIEKRDLMLHQYSRADLGQQMAARAAFDPQWLMNPSKVFPLEGRPAA,1.1.3.15
NP_384884,MIVHFEPASEEGIASVVRSAAAERVTLAVVGGGTRAGLGNPVRADRTLSTRRLSGIVTYDPAEMTMSALAGTPVAEVEAALHAKGQMLSFEPMDHRPIFATTGEPTIGGVFAANVSGPRRYVAGAARDSLLGVRFVNGRGEPIKAGGRVMKNVTGLDLVKLMAGSYGTLGILTEVTFKVLPLPPAAATVVVSGLNDAEAAAVMAEAMAQPVEVSGASHLPESVRSRFLDGALPDGAATVLRLEGLAASVAIRAEKLGEKLSRFGRISQLDEAQTRTLWAEIRDVKPYADGTRRPLWRISVAPSAGHQLVAALRLQTGVDAFYDWQGGLVWLRMEADPEAELLRRYIGAVGGGHAALLRAGEEARGRIPAFEPQPPAVARLSERIRAQFDPSGIFNPGRAAALVRN,1.1.3.15
NP_384885,MIQRPQGATWSTRLQTNFSPEQLADPHVAESETILRKCVHCGFCTATCPTYVVLGDELDSPRGRIYLIKDMLENGRAADSETVTHIDRCLSCLSCLTTCPSGVDYMHLVDHARAHIEKTYKRPFKDRLARSVIAATLPYPSRFRLALGAAGLARPLAGLLKRVPFLRTLGVMLDLAPSALPAARGAKPAVYAAKGTPRARVALLTGCAQPVLRPEINDATIRLLTGQGVEVVVSAGEGCCGALVHHMGRDEQALQAGRHNIDVWLKAAEEDGLDAIIITASGCGTTIKDYGHMLRLDPAYAEKAARVSALAKDVTEYLATLDLPEQGARNLTVAYHSACSMQHGQKITSAPKQLLKRAGFSVREPAEGHLCCGSAGTYNILQPEISAKLKARKVRNIEATKPEVIATGNIGCITQIASGTEIPILHTVELLDWAYGGPKPAGL,1.1.3.15
NP_384521,MSSARKIIIDTDPGQDDAAAIMLALGSPEEIEVLGITAVAGNVPLTLTARNARIVCELCNRTDVKIFAGAERPVARPLVTAEHVHGKTGLDGPALDEPTMPLQEQHAVDFIVETLRAEAPGAVTLCTLGPLTNIALALTKAPEIAPSVRELVMMGGGFFEGGNITPAAEFNIYVDPEAAEIVFRSGIPIVMMPLDVTHRVLTRKTRVEKIRAIGSPAAVALAEMLEFFERFDIEKYGTDGGPLHDPTVIAYILRPELFTGRDCNVEIETASPLTTGMTVVDWWQVTGRAHNAKVMRHIDDEGFFELLAERLARI,3.2.2.3
NP_384733,MTLMISTSVLDAENASRRDALTRDYESLGDRLARRGIDIDAVKAKVAAYGVAVPSWGVGTGGTRFARFPGPGEPRNIFDKLEDCAVIQQLTRATPAVSLHIPWDKVSDLGALKEKGSALGLSFDAMNSNTFSDAPGQAHSYKFGSLSHTDSATRRQAIEHNLECVEIGKALGSKALTVWVGDGSNFPGQSNFTRAFERYLDSMKAVYAALPDDWRIFTEHKMFEPAFYSTVVQDWGTNYLIAQELGPKAFCLVDLGHHAPNVNIEMIVARLIQFKKLGGFHFNDSKYGDDDLDTGSIDPYRLFLVFNELVDAETRAANGFDPAHMLDQSHNVTDPIESLMTSAMEVGRAYAQALIVDRKALAGYQEENDALMASETLKTAFRTDVEPILATARLENDGAIAPVAAYRASGYRARVAAERPAVAGGGGGIV,5.3.1.14
NP_384734,MLDKHQGARLANLWDDGKAAGMTEPEKLLYRSNLLGSDKRITNYGGGNTSAKVMEKDPLTGEIVEVLWVKGSGGDVGTIKMDGFSTLYMDKLRALKGIYRGVEFEDEMVGYLPHCTFNLNPRAASIDTPLHAYVPKPHVDHMHPDAIIAIAASKNSRELTSKIFGDEIGWLPWKRPGYELGLWLEKFCQENPDARGVVLESHGLFTWGDTAKEAYETTIEIINRAIAWFETENTGPAFGGRSKPVLAAADRAAIAKKLMPVIRGLISAGESKVGHFDDSQAVLDFVTSTSLEPLAALGTSCPDHFLRTKIRPLVVDFDPAQPDVGNTLAGLPEAIATYRADYAAYYERCKRADSPAMRDPNAVVYLVPGVGMITFAKDKATARISAEFYVNAINVMRGASGVSTYVGLPEQEAFDIEYWLLEEAKLQRMPKPKSLAGRIALVTGGAGGIGKATANRLMQEGACVVLADIDETALEAAQTELSTRYGKDFVRSVNMNVTSEAAVESGFGDALLAFGGLDILVSNAGLATSAAVEDTTLALWNKNMDILATGYFLVSREAFRIFRNQKAGGNVVFVASKNGLAASPGASAYCTAKAAEIHLARCLALEGASAQIRVNVVNPDAVLRGSKIWTGEWKEQRAAAYKMDVDELEAHYRERSMLKLSVFPEDIAEAIYFLASDMSAKSTGNIVNVDAGNAQSFTR,4.1.2.19
NP_384124,MPAPSSILLSPDDNVVVATAAIAPGDRLAGGVSAVARIEPGHKAAIRRIDVGEPVVKYGQAIGRATSPIAPGEHVHSHNLAFDQGRLAVGAAVPPEAASEADKARTFLGYRRADGRAATRNYIGIVASVNCSTTVCRAIADEANRRILPKYEGIDGFVPIVHDQGCGMSSTGDGMKNLHRTLAGYARHANFGGVLMVGLGCEVNQLTLYGQSGAGAEKRHFNIQEAGGSRRSVERALGILDEIAKEVAAARRVPIPVSEIIVGLQCGGSDGLSGITANPALGAAVDILAAAGGTAILSETSEIYGAEHLLRSRAVNETVAVKLDGLIAWWEDYVAMHGASLDNNPSPGNKRGGLTTILEKSLGAVAKGGRSPLTAVYNYAERVTEPGLVFMDTPGYDPVSATGQVAGGANVIAFTTGRGSCFGCRPAPSIKLTSNTALYRAMEEDMDIDCGVIASGETTIADLGRGIFELIIETASGRKTKSELFGYGDNEFVPWHLGATL,4.2.1.5
NP_384306,MTFYLIGIDGGGTSCRAAVAALDGRILGRGKAGAANILTDPETALQNITDAARDAFGDAGLDPAGIGASRAIVGVAGHNVGDAVHYVKRRLPFAQADIESDGLIALQGALGDGDGAVAILGTGTIYIARRGDEVSYVGGWGFTIGDHGSGARIGHALLQESLLAYDGIHQGSGVTDAVLAEFNDDPRDIVDFARLAKPGEFGRYAPRVFEFAERGDPVAISLLKAAAATVDEALDVVVSRGSEKLCLLGGLAPLYRRWLADRHQPRFVEARADALTGAVALAAARFGSHSGVSA,2.7.1.59
NP_384741,MMMKTVAVIDIGKTNAKVALVDLERFEEIAVRKSGNGVSDDGPYPHFDTERLWRFVLDSLAALHREHPVDAISVTTHGATAVLLDEAGELALPVLDYEFTGPDALAEEYEKARPPFTETGSARLPMGLNVGAQLFWQQRMFPEHFARVATILTYAQYWSYRLTGVRTNELTSLGCHTDLWNPKAATFSSMVDEQGWRHLFAPVRRAGDVLGPLLRQVADETGLPPETPVHCGIHDSNASLLPHLITRQAPFSVASTGTWVVMLAVGAEPVKLDERRDTLINVNALGDPVPSARFMGGRAYSLLIGDDPPTASPEAEASVLEQGHMLLPSLPGGSGPFPAARPHWTADEDKLAPAERLAVVSFHLALMTATCLDLIGARGEILVEGPFALNDAYLRMLAAATGRPVLANRLNSTGTSLGAACLVAGARVRTGAEAIPAAKPDAYAAYAEAWRRRTAAHVRSDP,2.7.1.5
NP_387397,MTINATVKEAGFQPASRISSIGVSEILKIGARAAAMKREGKPVIILGAGEPDFDTPEHVKQAASDAIHRGETKYTALDGTPELKKAIREKFQRENGLAYELDEITVATGAKQILFNAMMASLDPGDEVIIPTPYWTSYSDIVHICEGKPVLIACDASSGFRLTAEKLEAAITPRTRWVLLNSPSNPSGAAYSAADYRPLLEVLLRHPHVWLLVDDMYEHIVYDGFRFVTPAQLEPGLKNRTLTVNGVSKAYAMTGWRIGYAGGPRELIKAMAVVQSQATSCPSSISQAASVAALNGPQDFLKERTESFQRRRDLVVNGLNAIDGLDCRVPEGAFYTFSGCAGVLGKVTPSGKRIKTDTDFCAYLLEDAHVAVVPGSAFGLSPFFRISYATSEAELKEALERIAAACDRLS,2.6.1.39
WP_010211220,MPDKKPGLRSAQWFGTADKNGFMYRSWMKNQGIADHQFHGKPIIGICNTWSELTPCNAHFRQIAEHVKRGVIEAGGFPVEFPVFSNGESNLRPTAMLTRNLASMDVEEAIRGNPIDGVVLLTGCDKTTPALLMGAASCDVPAIVVTGGPMLNGKHKGQDIGSGTVVWQLSEQVKAGTITLDDFLAAEGGMSRSAGTCNTMGTASTMACMAEALGTSLPHNAAIPAVDARRYVLAHMSGMRAVEMVREDLKLSKILTKEAFENAIRVNAAIGGSTNAVIHLKAIAGRIGVELDLDDWTRIGRGMPTIVDLQPSGRFLMEEFYYAGGLPAVLRRLGEANLIPHPNALTVNGKSLGENTQDSPIYGQDEVIRTLDNPIRADGGICVLRGNLAPLGAVLKPSAASPALMQHRGRAVVFENFDMYKARINDPELDVDANSILVMKNCGPKGYPGMAEVGNMGLPAKLLAQGVTDMVRISDARMSGTAYGTVVLHVAPEAAAGGPLATVKEGDWIELDCANGRLHLDIPDAELAARMADLAPPQKLIVGGYRQLYIDHVLQADQGCDFDFLVGCRGAEVPRHSH,4.2.1.25
WP_010211217,MTSFLGHNYIGGQRSANGSVTLQSVDATSGEALPQHFYQATPQEVDAAAKAAAQAYPAYRALSAARRAQFLDAVADELDALGDEFVELVCRETALPAARIKGERGRTSGQMRLFATVLRRGDFYGARIDKALPDRQPMPRPDLRQYRIGLGPVAVFGASNFPLAFSTAGGDTAAALAAGCPVVFKAHSGHMATAERVADAIIRAAEATEMPAGVFNMIFGGGVGEALVKHPAIQAVGFTGSLKGGRALCDMAAARPQPIPVFAEMSSINPVIVLPQALKARAESVARDLTASVVQGCGQFCTNPGLVIGVASPEFTAFTQQVAQLIGDQPAQTMLNAGTLSSYGKGLEKLLAHPGIQHLAGSQQAGNQAQPQLFKADVRLLIDGDEVLQEEVFGPTTVFVEVADQAQLSAALHGLHGQLTATIIGEPADLQQFAELTPLLEQKVGRILLNGYPTGVEVCDSMVHGGPYPATSDARGTSVGTLAIDRFLRPVCFQNYPDSLLPDALKNANPLRIQRLVDGTPSRDPL,1.2.1.26
WP_010211216,MSCIAVTPHRAQLGEGPFWDAPTQALYWVNIAGKQALRLMGGQLQVWQLPEHVSAFIPCESGDALVTLSSGVYRLDLATEALTLLCVADPQPGNRGNEARCDASGRLWLGTMQNNIGEQGEDLPITRRSGGLFRIDADAQVTPLLSGLGIPNTLLWSDDGRHVHFGDSLDGTLYRHAIQPDGQLDPAQTWFGPHERGGPDGSAMDVDGYIWNARWDGSCLLRLTPDGEVDRIVELPVSRPTSCVLGGPNLTTLYITSAASPLDHPLDGAVLAMEVDVPGKPCHRFAG,3.1.1.15
WP_010210955,MSAINAVEKGAAAVGAHLVRDVSLPALVLHRDALEHNIRWMQDFVSNSGAELAPHGKTSMMPALFQRQIEAGAWGITLANAVQTRAAYAGGVRRVLMANQLVGAPNMALIADLLADKDFDFHCMVDHPDNVADLGLFFAARGLRLNVMIEYGVVGGRCGCRTEQEVRDLARAIKAQPALALTGIEGYEGVIHGEHAISGIRDFAASLVRLAVDLQNNGSFDLPKPIVTASGSAWYDLIAESFEQQNAAGRFLSVLRPGSYVAHDHGIYKEAQCCVLDRRSDLNEGLRPALEVWAHVQSLPEPGFAVIALGKRDVAYDAGLPVPLKRYKAGILPAEGDDVTACKVTAVMDQHAFMTVAPGVELRIGDIISFGTSHPCLTFDKWQVGCLVDEQLQVIESLETRF,4.3.1.9
WP_010210414,MTAQVSSEASHAETLQDEVLAEVRNHIGHLTLNRPAGLNAITLNMVRRLASQLKAWADDPQVYAVVLRGAGEKAFCAGGDIRSLYDSFKNGDTLHQDFFVEEYALDLAIHHYRKPVLALMDGFVLGGGMGLVQGADLRVVTERSRLAMPEVAIGYFPDVGGSYFLPRIPGELGIYLGVTGVQIRAADALYCGLADWYLESSKLADLDNKLDRLQWHDSPLKDLQGVLAKLAVQQLPDAPLAVLRPAIDHFFALPDVPSIVEQLQQVTVADSHEWALTTAHLMQTRSPLAMAVTLEMLRRGRRLPLEQCFALELHLDRQWFERGDLIEGVRALIIDKDKAPRWNPPTLHGLALSHVESFFHNFKKVAN,3.1.2.4
WP_010210413,MQDIEYTEEQVMIRDMARDFARGEIAPYAQAWEKAGWIDDALVAKMGELGLLGMVVPEEWGGTYVDYVAYALAVEEISAGDGATGALMSIHNSVGCGPILNYGTESQKQTWLADLASGQAIGCFCLTEPQAGSEAHNLRTRAELRDGHWVITGAKQFVSNGKRAKLAIVFAITDPELGKKGISAFLVPTATPGFVVDRTEHKMGIRASDTCAVTLNQCTVPEANLLGERGKGLAIALSNLEGGRIGIAAQALGIARAAFEAALAYARDRVQFDKAIIEHQSVANLLADMQTQLNAARLLILHAARLRSAGKPCLSEASQAKLFASEMAEKVCSSAMQIHGGYGYLEDYPVERYYRDARITQIYEGTSEIQRMVIARELKHYQL,1.3.8.1
WP_010210411,MLPNEEQLQISDAARQFAQERLKPFAAEWDREHRFPKEAIGEMAELGFFGMLVPEQWGGCDTGYLAYAMALEEIAAGDGACSTIMSVHNSVGCVPVLKFGNDQQKEQFLKPLASGAMLGAFALTEPQAGSDASSLKTRARLEGDHYVLNGCKQFITSGQNAGVVIVFAVTDPAAGKRGISAFIVPTDSPGYSVARVEDKLGQHASDTCQILFEDVKVPVANRLGEEGEGYKIALANLEGGRVGIASQAVGMARAAFEAARDYARERESFGKPIIEHQAVAFRLADMATQIAVARQMVHYAAALRDSGKPALVEASMAKLFASEMAEKVCSAALQTLGGYGYLSDFPLERIYRDVRVCQIYEGTSDIQRMVISRNL,1.3.8.1
WP_010209382,MTTTPTTPVPFNRLLLTGAAGGLGKVLRERLRPYAQVLRLSDIANMAPAADASEEVQPCDLADKQAVHHLVEGVDAILHFGGVSVERSFEEVLGANISGIFHIYEAARRHGVKRVIFASSNHVIGFYKQGEKLDAHSPRRPDSYYGLSKSYGEDMASFYFDRYGIETVSIRIGSSFPEPQNRRMMHTWLSFDDLTQLLERALYTPNVGHTVVYGMSDNLDTWWDNRYAAHLGFAPKDSSEVFRAQVETQPPVSDNDPAKVYQGGAFCAAGPFGD,1.1.1.203
WP_010209327,MQTTNTVLMIRPARFAFNPDTAINNRFQRQPLDPLGAQQKALEEFDGYVDTLRRHGVEVLVVQDTPAPHTPDSIFPNNWWSSHADGSLVLYPMEGQNRRLERNKGVLQVLEQRFAINSTIDLSHLEQQNIFLEGTGSMVLDRQHRISYACHSGRTHQDALRQFAERLDYQLCVFHAVDRHHAPIYHSNVMMSVGRDLSVVCLQALPDASERQGLERSLRDTGKDILALDFDQLEGFAGNMLEIHDRDGQPLLVMSASAWGALQPAQRQHVERHTRPVVVNIDNIERIGGGSARCMLAEVHLPARATVQ,3.5.3.6
WP_010209291,MDKHTEMQAVVCHGPKDYRLERIGKPQARANELVIRIAACGICASDCKCHSGAAMFWGGDNPWVKAPVVPGHEFFGYVVEAGEGAEEHFEVAVGDKVIAEQIVPCGKCRFCKSGKYWMCEVHNIFGFQREVAEGGMAQYMRIPKTAIVHKIPESVSLEDSALVEPMACSIHTVNRGDIQLDDVVVIAGAGTLGLCMVQVAALKTPKKLVVIDMVDERLELAKKFGADVVINPSRDNAREIINGLTDNYGCDVYIETTGVPAGVTQGLDLIRKLGRFVEFSVFGAETSVDWSIIGDRKELDVRGAHLGPYCYPIAIDLFERGLVTSKGIVTHDFPLDDWAEAFELANSTKSIKVLLKPVV,1.1.1.9
WP_010208316,MSVEQAPVQRADFDQVMVPNYAPAAFIPVRGEGSRVWDQAGRELIDFAGGIAVNVLGHAHPALVGALTEQAHKLWHVSNVFTNEPALRLAHKLIDATFAERVFFCNSGAEANEAAFKLARRVAFDRFGSEKYEIIAALNSFHGRTLFTVNVGGQSKYSDGFGPKITGITHVPYNDLDALKAAVSDKTCAVVLEPIQGEGGVLPAELAYLQGARDLCDANNALLVFDEVQTGMGRSGHLFAYQHYGVTPDILTSAKSLGGGFPIAAMLTTEALAKHLVVGTHGTTYGGNPLACAVAEAVIDVINTPEVLAGVNAKHDLFKARLEQIGKQYGIFTEVRGMGLLLGCVLSDAFKGKAKDVFNAAEKENLMILQAGPDVVRFAPSLVVEDADIKEGLDRFERAVKALTQA,2.6.1.81
WP_038453710,MITQPLPASSWLNAPAHYVWLAAEGQRLLAFAKASRLPDGFGNLDDKGQLPADAHAETMNTARMTHSFAMAHALGLPGYAELVAHGVAALSGALRDSEHGGWFAAPHALDGNRGKAAYLHAFVALAASSAVVAGAPGASTLLNDAIHIIDHFFWSEEEGVMLESFAQDWSGVEAYRGANSNMHATEAFLALADVTGDTRWLDRALRIVERVIHTHAAGNQFMVIEHFDTHWHPLLGYNEDNPADGFRPYGITPGHGFEWARLVLHLEAARLQAGLVTPEWLVADAKRLFASACEYAWSVDGAPGIVYTLDWNHRPVVRERLHWTHAEASAAAQALLKRTGELHYETWYRRFWEFCETHFIDRLHGSWHHELSPHNQPSSNIWGGKPDLYHAWQAVLLPALPLAPSMASAIGTGRYVTNW,5.3.1.7
WP_010207013,MADYKAPLRDMRFVLNEVFEVATTWAQLPALADTVDAETVEAILEEAGKVTAKSIAPLSRGGDEQGCRWDNTAVFTPDGFPQAYATYAQGGWVGVGGDPIFGGMGMPKAVSAQVEEMINSSSLAFGLYPMLTSGACVSINTHASEALKATYLPKMYSGEWSGSMCLTEAHAGTDLGIIRTKAEPQADGSYKVSGTKIFITGGEHDLTDNIIHLVLAKLPDAPAGPKGISLFLVPKFMVNADGSLGARNTVSCGSIEHKMGIQASATCVMNFDEAVGYLVGEPNRGLAAMFTMMNYERLGVGIQGLASGERSYQNAIEYARDRLQSRAPTGAQAQDKMADPIIVHPDVRRMLLTMKAANEGGRAFSTYVATQLDIAKFSDDAAARERADNLVALLTPVAKAFLSDLGLETTVLGQQVFGGHGYIREWGQEQLVRDVRITQIYEGTNGIQALDLMGRKIVGSGGAFYTLFADEIRGFIASSGTELAEFTKPLSAAVDNLDELTAWVLDRAKTNPNEIGAASVEYLHAFGYMAYAYMWARMAKAALGKESEEDFYASKLGTARFYFARLLPRIHSLSASVKAGSESLFLLDEALF,1.3.8.7
WP_010207016,MPDYKAPLRDIRFVRDELLGYEAHYQSLPACQDATPDMVDAILEEGAKFCEQVLAPLNRVGDIEGCTWSESGVKTPTGFKEAYKQFVEGGWPSLAHDVEHGGQGLPESLGLAVSEMVGEANWSWGMYPGLSHGAMNTISEHGTPEQQEAYLTKLVSGEWTGTMCLTEPHCGTDLGMLRTKAEPQADGTYKVSGTKIFISAGEHDMADNIVHIVLARLPDAPAGTKGISLFIVPKFLPNADGSIGARNAVTCGSLEHKMGIHGNATCVMNFDAATGFLIGPANKGLNCMFTFMNTARLGTALQGLAHAEIGFQGGLKYARDRLQMRSLTGPKAPDKAADPIIVHPDVRRMLLTMKAFAEGNRAMVYFTAKQVDIVKYGTDDEAKKQADGLLAFMTPIAKAFMTEVGFESANHGVQIYGGHGFIAEWGMEQNVRDSRISMLYEGTTGIQALDLLGRKVLMTQGEALKGFTKIVHKFCQANEGNEAVKEFVAPLAALNKEWGELTMKVGMAAMKDREEVGAASVDYLMYSGYACLAYFWADMARLAAEKLAAGTTEEAFYTAKLQTARFYFQRILPRTRTHVATMLSGANNLMDMKEEDFGLAY,1.3.8.7
WP_010207340,MSSNNPQTREWQALSSDHHLAPFSDFKQLKEKGPRIITKAHGVYLWDSEGNKILDGMAGLWCVAIGYGRDELADAAAKQMKELPYYNLFFQTAHPPVLELAKAISDIAPAGMNHVFFTGSGSEGNDTMLRMVRHYWAIKGQPNKKTIISRKNGYHGSTVAGASLGGMTYMHEQGDLPIPGITHIAQPYWFGEGGDMSPEEFGVWAANQLEEKILELGVDNVGAFIAEPIQGAGGVIVPPATYWPRIKEILAKYDILFIADEVICGFGRTGEWFGSDFYDLKPHMMTIAKGLTSGYIPMGGLIVRDEVVEVLNEGGDFNHGFTYSGHPVAAAVALENIRIMRDEKIVNRVHDETAPYLQKRLRELADHPLVGEVRGVGMLGAIELVQDKATRKRYEGKGVGMICRTFCFENGLIMRAVGDTMIISPPLVISKAEIDELVTKARQCLDLTLAALQG,2.6.1.19
WP_010207341,MSVPPRAVQLNEANAFLKDHPEVLYVDLLIADMNGVVRGKRIERTSLHKVYEKGINLPASLFALDINGSTVESTGLGLDIGDADRICYPIPDTLCNEPWQKRPTAQLLMTMHELEGEPFFADPREVLRQVVSKFDDLGLTICAAFELEFYLIDQENVNGRPQPPRSPISGKRPHSTQVYLIDDLDEYVDCLQDILEGAKEQGIPADAIVKESAPAQFEVNLHHVADPIKACDYAVLLKRLIKNIAYDHEMDTTFMAKPYPGQAGNGLHVHISILDKDGKNIFASEDPEQNAALRHAIGGVLETLPAQMAFLCPNVNSYRRFGAQFYVPNSPCWGLDNRTVAIRVPTGSSDAVRIEHRVAGADANPYLLMASVLAGVHHGLTNKIEPNAPVEGNSYEQNEQSLPNNLRDALRELDDSEVMAKYIDPKYIDIFVACKESELEEFEHSISDLEYNWYLHTV,6.3.1.11
WP_010213153,MSQAQRFDNYINGQWVAGADYCVNLNPSELSDVIGEYAKADVTQVNAAIDAARAAFPAWSTSGIQARHDALDKVGSEILARREELGTLLAREEGKTLPEAIGEVTRAGNIFKFFAGECLRLSGDYVPSVRPGVNVEVTREALGVVGLITPWNFPIAIPAWKIAPALAYGNCVVIKPAELVPGCAWALAEIISRAGFPAGVFNLVMGSGRVVGDVLVNSPKVDGISFTGSVGVGRQIAVSCVSRQAKVQLEMGGKNPQIILDDADLKQAVELSVQSAFYSTGQRCTASSRLIVTAGIHDQFVAAMAERMKSIKVGHALKSGTDIGPVVSQAQLDQDLKYIDIGQSEGARLVSGGGLVTCDTEGYYLAPTLFADSEAAMRISREEIFGPVANVVRVADYEAALAMANDTEFGLSAGIATTSLKYANHFKRHSQAGMVMVNLPTAGVDYHVPFGGRKGSSYGSREQGRYAQEFYTVVKTSYIGS,1.2.1.26
